e5e06ab97e2949659929421e0cffa57b.jpeg	ZJL102
f7e162fe41b729870c0a486cb6531c31.jpeg	ZJL169
c729ea9e807e68658f54cf684041276d.jpeg	ZJL8
60fbe52a0631ce257e1f7b170ba9d77b.jpeg	ZJL138
eae06b3b98e17cfddb6588e98dcae4dc.jpeg	ZJL26
a0d017b97591cc7d0d09d2329aefc31c.jpeg	ZJL86
d74fe8dc4926cdb81a9bdabae9494439.jpeg	ZJL50
631e71c79f15504c7b316104d828a5a7.jpeg	ZJL199
3817a5bcfb77b07e15f58a30cacf06aa.jpeg	ZJL138
a7e847137f0b8a361ae9cd2ff6f410e0.jpeg	ZJL131
2ef25580b1614db00357c68dd591e43f.jpeg	ZJL182
eb49e2eeabee9548303b91cb9fa4bb25.jpeg	ZJL76
ee912d0e6d8429f5dda1a438b36d6ba3.jpeg	ZJL94
ec1393cad2ac6ee3a7a06df5485e4429.jpeg	ZJL96
8968b9764038e5e0bba76f71500c54c8.jpeg	ZJL107
c4a50e93acaaf79d00cccd0fee8760ee.jpeg	ZJL12
64ba994eb2a7a8e25c8fa5ecf6c940e3.jpeg	ZJL92
f06e54fedd27204e7dc821b42251a938.jpeg	ZJL52
c3010238754109bbb6547025af30f0ec.jpeg	ZJL64
b37a318efe5d355382f69212af1b93d3.jpeg	ZJL115
7def80aed4f84b380ebbb55f7be21d8f.jpeg	ZJL10
e358154a9a79f44b0fc1fdb840b7dd74.jpeg	ZJL163
7442dc7d1fd2fa8093f0948d62465bfc.jpeg	ZJL108
b6f9e3fed53a23423340e8eb1aadb3cd.jpeg	ZJL99
a9fc41655ae05886549d9285c0dfe60a.jpeg	ZJL29
a374cab89a37436b49beb31d1f3576fd.jpeg	ZJL13
05a45d3d17fe56dd654b9073f76e165a.jpeg	ZJL3
135abd70fc6ec29512ac290175c0077d.jpeg	ZJL128
5bd9ab0498bde08d3084fad8a2b50528.jpeg	ZJL11
4b26364f2cad5725701afd5829dd6530.jpeg	ZJL170
1c5d81df22efe0b05b4c3f6b612527ed.jpeg	ZJL171
9f156bb73fd91b210a62e7543cb8bee4.jpeg	ZJL72
9955d8a2763d7842475304feb03b1fe6.jpeg	ZJL87
532b5a5177640a54e636461edc5b7de4.jpeg	ZJL169
11a14786f13f45c68aeeb438bd34a01b.jpeg	ZJL162
653f8e909a2d137c7f6e533e2b81eba8.jpeg	ZJL142
ccfdc83d79d4c09f1c6e1d829885dc00.jpeg	ZJL72
0e93ca5c26ce843ab2dbde0a660e2c76.jpeg	ZJL18
e182e0e5e1142bce04cab2b0b5a47b61.jpeg	ZJL99
de08a8c2f405e76e6f13569d1934893e.jpeg	ZJL145
0cfffdda148752cc58eb960355610ee2.jpeg	ZJL143
dca869dbeacbf70a6c2cf2ab750fe5b1.jpeg	ZJL146
516ad8c58bfd11a1c0956ed2969a3a5f.jpeg	ZJL186
43c66c893aecfca7624cd8509ebd9bed.jpeg	ZJL107
29e895479bac42832586c53b1924e722.jpeg	ZJL99
a69b3260f10250386ffe5937824a1e4c.jpeg	ZJL125
e239789cc3cba8946ec034f5aa341be4.jpeg	ZJL164
94f5503608212f64f4acaf24c36cea55.jpeg	ZJL160
0778546959221ec47fb6ac0718184c65.jpeg	ZJL149
04daf19b24a916d5ca434472917fccef.jpeg	ZJL26
91cd6cd690e95fc19fb23e4dfe4f87ab.jpeg	ZJL115
05fc9e2395a005dec29dc74f4d62e4c2.jpeg	ZJL96
3a4902fd124deec8cce79c4702084151.jpeg	ZJL126
1a3e168a41d17ae70bd53be619d5c9ce.jpeg	ZJL195
030475f50d3efc97e2c11503640cc34e.jpeg	ZJL114
a9abaf00cb65e13796af99d449a2194a.jpeg	ZJL131
c59bfd990ae7369bc98f5d6dc7a7a721.jpeg	ZJL128
be34a0db2ee9e1dae0d48c586e68f7d3.jpeg	ZJL147
67938dcf07efb3aa28b35977aa447cef.jpeg	ZJL133
95cca5201c4057bb4a2bff6e72ce36ac.jpeg	ZJL14
576cdc9a843086022256989743ddf5dc.jpeg	ZJL167
0f078841767fc1fa0575d7dc8ad98b1f.jpeg	ZJL59
2a342a0a83d1415fe26862f093259784.jpeg	ZJL28
f0f23d58b4e5f00d0f2191eecf051937.jpeg	ZJL35
228faf588affdecc316f3ad68f8bbd0b.jpeg	ZJL144
93c3611aa38fd48bbc1afd6bbdfddd21.jpeg	ZJL145
c04c3b01c09a09e6d9503fae5c2a1e38.jpeg	ZJL10
ae96bf8cbe1dda80129108db69e41cff.jpeg	ZJL18
7a092147b5cffa2391717d9c9c141c16.jpeg	ZJL67
6f0e40805ba5ababb9b5124ec56c6015.jpeg	ZJL172
0fbee5a7dd4ffa73964534c1d6913b61.jpeg	ZJL180
cd676328480c8ac71db55ecd1b13f1e2.jpeg	ZJL83
38f63fe771c9580598621d9ec4ce8ce4.jpeg	ZJL167
94d45e7097fcd1f63aa5fdefce742b5c.jpeg	ZJL156
4656fe17652c7dffc370b41aaf50576f.jpeg	ZJL104
3d8653684ef1e4874b4ce20a149fe4be.jpeg	ZJL172
108f901ff8261d5d84e053e5e96e64f3.jpeg	ZJL177
b7e6a553938630f0b7abc02e2c986764.jpeg	ZJL138
a3e5f0cc2ca6fe5345c5a3f87e268157.jpeg	ZJL25
ef23b32b79eff00dfc4c08397316bf33.jpeg	ZJL39
05904b1574c4b7846bc5ac3c6f9dbb91.jpeg	ZJL51
587f68ab45600eabff59b1aeceb5ee3d.jpeg	ZJL122
c9910f43ba52e3a7d46e56eea8fbfec8.jpeg	ZJL15
44b1b81e64556dece66b8a770d809264.jpeg	ZJL149
729fd48503ed02a44fa882ca83c6e85e.jpeg	ZJL28
2bd14f4a267ba24ab5776087213241aa.jpeg	ZJL123
0c6a7fd9b2b61ef18e46f668be15eabc.jpeg	ZJL126
941e86faf5cc4f791f42390519ff04e0.jpeg	ZJL169
d7f8c7b7df4bac0619f801ac035cdd85.jpeg	ZJL69
8953cc94f8ab1199b8797affba1c5e2b.jpeg	ZJL60
0692c62593b6c0f600d93028596997f0.jpeg	ZJL105
ef13ef2012a4bc82a54b0eba1372720c.jpeg	ZJL197
a506bec53bcaca6c128f7413cf9f4168.jpeg	ZJL143
bde3d3067fec26aa86c459c208645902.jpeg	ZJL79
835b81ee32459459029914dcfa810e35.jpeg	ZJL19
74f9dad5a1167a2f5af86227a58d227d.jpeg	ZJL98
4126f15bcc5f68c1d15ad87fd99fe6f0.jpeg	ZJL131
0a80f6e87929d7ec11775eafe0d79236.jpeg	ZJL83
3170d212fe48a5a52ce69d53cceaa815.jpeg	ZJL97
82cf4b5fc2ee7c343e203379546a2255.jpeg	ZJL177
e894c64f89fd1074930159bf0af82ac5.jpeg	ZJL110
b2cb0f13dd2cbf1bd170f1fa44d2bdb3.jpeg	ZJL118
68ee2e916773ebd47bd309fd1dfe2136.jpeg	ZJL150
19f04f6c7a390ddd689ef27e46e3b79f.jpeg	ZJL121
3c264fa2c81894bee7de540748609fb7.jpeg	ZJL147
3fd6e65ffe2f8c11170fc16fa4ce1095.jpeg	ZJL119
c89190eea0e99fd88a0b102409701c18.jpeg	ZJL35
71b7cac2e04da3a9dfd62fda6f8dcdc3.jpeg	ZJL2
3d1ca0906e4eac262f4a21a3cee93a88.jpeg	ZJL172
7b808c550c4966014d6a23c6620b0df1.jpeg	ZJL41
adc1c45703c2165440a49906ef37790e.jpeg	ZJL178
e29e40cb48d1ffe4c59dea37fd7de27a.jpeg	ZJL72
a61382fd86e7955af050026be655fe4b.jpeg	ZJL128
586007262328df7732e75aba6eb321fd.jpeg	ZJL200
6f1afe15b3fb75984271e01cbefdb6ef.jpeg	ZJL92
a19c7be45f341e0067a27e9879b6af54.jpeg	ZJL142
10ea8fa133af8d67b6de8ef58196cd64.jpeg	ZJL7
4ad34f6f73a1aa9f61ed3f835e5d9b51.jpeg	ZJL161
d4debfd9bd6cbfb6037140b94a05505d.jpeg	ZJL143
c9f8f1f2980d9d9464d94cdf85408c6f.jpeg	ZJL1
988daa7757b9ffd91d7432564a074427.jpeg	ZJL24
2a3256cc78d9c5e9ebc93d28a77c3164.jpeg	ZJL26
8b497a2c4333ae22096f7de9c1909a29.jpeg	ZJL47
1f6a69c233610ad507c4f4f75d3f5ede.jpeg	ZJL7
a4805089a05696a9290a6ec3bb1ce171.jpeg	ZJL105
bde792451442cf7e9c168538bbb92aa5.jpeg	ZJL182
c98d18063405921bb2e097d47cc1912d.jpeg	ZJL142
d54da36c2cff978a3852f856f482ae8d.jpeg	ZJL92
90dc2fba8819123c6c42f4af03f78c19.jpeg	ZJL37
9040919f9b9a38f2aeff83ecd7e3a5bd.jpeg	ZJL138
1d13b570aa5b1ea902f97c2f0822dd33.jpeg	ZJL19
136af85cd15cfe323939e325b15ddb0d.jpeg	ZJL200
36cc0783147b8bc92c39f803b306c839.jpeg	ZJL185
0fa8400903e616f8e5f73c212ae8751e.jpeg	ZJL60
25c4b6f5af0c8f59dd9d5467000c7f7c.jpeg	ZJL159
9666d209f05b5298320badad3f9fbbf0.jpeg	ZJL71
b6c8e774043bbb283fb599ecf22f7117.jpeg	ZJL157
7b767bf9f3e3531208a22a060358def9.jpeg	ZJL149
998403a0f2ca0018d9005b0452e8efc3.jpeg	ZJL84
080cda27bae91860489af96d7fcec248.jpeg	ZJL52
ae38555e93be2ea685b44d521d76db1c.jpeg	ZJL131
2455ae6334ae1874f2bc3fb529a97d5e.jpeg	ZJL195
34386e0d5d1fa7973f316bfeb45632a8.jpeg	ZJL68
e950431352bb65135f79a70f1352abca.jpeg	ZJL116
35ad35751e80e6d5e5942e0f7981e2ca.jpeg	ZJL113
cd35ac79fa490f26f9ef9cb475bdb8e1.jpeg	ZJL54
4dae7248c7bd30a6d0209bc2d132ad3f.jpeg	ZJL113
733a9fab68f0b3775bed6f18164ce631.jpeg	ZJL72
08fd1d3fdcb4729e58557e5924b8719d.jpeg	ZJL53
084a9911be710d99a05d9563b96af3d8.jpeg	ZJL73
4eadd696e67736b26a72cadc6e184b6a.jpeg	ZJL7
aad98787a742a725494f05f25e4179c6.jpeg	ZJL28
824a1dc0781742cab01fdcc4c526139a.jpeg	ZJL36
e22aea34641c63cfb22194b2b5b94ae8.jpeg	ZJL180
21b590b91b204333f8c0d9b39163ad45.jpeg	ZJL102
fcc7b4fd943b8c61a224373624fc3b23.jpeg	ZJL104
474f000fa8d1c30ff3e4dd0032979107.jpeg	ZJL138
701310c2327afcf54636f87c8e66467d.jpeg	ZJL50
4b2cb8173dcc49f1f92d17cfd89883e1.jpeg	ZJL121
53d6e56f7769b6383abcb2ef960dcd82.jpeg	ZJL117
8baaf3516c81f8e5aa0ddfac7f05ff66.jpeg	ZJL116
154c6e5c168738bad65cb05a52502151.jpeg	ZJL189
1f549e18c6c411b89dd878e6316e9ac7.jpeg	ZJL25
f6304de1903d1977d1c802bd80d4d3c6.jpeg	ZJL126
522825e9ac93f9229f466951c6af441b.jpeg	ZJL7
d33db2f8cfef6dbe86c757f8b5280d92.jpeg	ZJL130
f751bf2d37680c52190fc64c41f6c0eb.jpeg	ZJL154
b8c366b829f74cc06f97f6cae82cd2f6.jpeg	ZJL80
901893f842c8b024eb1569964d93e19d.jpeg	ZJL13
8822d1d6c489e0c31c812df6738ddc5b.jpeg	ZJL169
d479aaa6b3491e5673797d5582182ba9.jpeg	ZJL21
8b68658617bdda37a33bc63b38edfb46.jpeg	ZJL13
b33fe1b3c0ab4d97171a2559208a49b7.jpeg	ZJL173
846b5e3cd13d1f2bc0517780a7904be2.jpeg	ZJL158
5da2539927bcb1b53cf07460f1496ac2.jpeg	ZJL14
45fe75df902b4f23738a32a609aa716b.jpeg	ZJL116
784cd52c9c88428208a384665f828247.jpeg	ZJL163
386563faef0f87801084891243de9b93.jpeg	ZJL85
68d4db6109ce1056c14f5e0b395fa662.jpeg	ZJL105
4ac0544c72b7971366b5109d02caa53b.jpeg	ZJL59
8e493785e2e87464f5db6a83788da54b.jpeg	ZJL135
7770b9f3e12b228d7c785e39d82705e4.jpeg	ZJL92
e1e479843afd7ffd04641463db36dfb6.jpeg	ZJL111
57dc4d21952584aed72a5dfb706d7444.jpeg	ZJL159
0a6d88c05b4f0869d160bb4dad626652.jpeg	ZJL165
a7799e655d417510c6588249f2f93ff4.jpeg	ZJL185
799e404ad0f6367f8b46787c8973fdca.jpeg	ZJL183
c133acd6d818c232683b684debc7ea7e.jpeg	ZJL3
16c07e36b33e21cb1e30b17355fdacaa.jpeg	ZJL21
ac1286521e231833023771f2c4710c06.jpeg	ZJL6
a6da4f90484f8f47be283d9f7391d902.jpeg	ZJL95
6de410ca6088f12f389d6cf3fe872c6f.jpeg	ZJL96
8098c445f35ca1d29363b50815ec59db.jpeg	ZJL68
90a3ccf74205d3102faa0c04a75ff19c.jpeg	ZJL22
f146e6951a5b23e8b77c657c839ba758.jpeg	ZJL200
57f69332dc311ea38c55e65d03b82d8c.jpeg	ZJL200
7a9fc658cb7bea8de292d5172b88061a.jpeg	ZJL92
7c57027d52f26c40a47d35601183f1ff.jpeg	ZJL193
cdc64c8549700e774996d36d3a20388d.jpeg	ZJL151
5e96861ddd25128b8125a2f0d10c4385.jpeg	ZJL22
a52bb091ed72f92752431549f22300ac.jpeg	ZJL180
e5623e0751249faf9bca304aa139fdd9.jpeg	ZJL29
235dc8a04e9795c5bdbcd2d3557910f4.jpeg	ZJL149
af233a22d7f4f9674a34f4e73d3b708d.jpeg	ZJL99
3cf437f04b98aaca272fe2db0bd119df.jpeg	ZJL193
db109fb10d765460aba066e7c0733c61.jpeg	ZJL4
68f1029014fe8614a7925e69cd045b15.jpeg	ZJL80
937991d59456bdf286ebb0adf6b3e3ac.jpeg	ZJL187
4371a980236b4e30cf78996f572989df.jpeg	ZJL36
9217cbc2b1ca04eb2c655591adc616fa.jpeg	ZJL121
80175895f3e6720c2bd2ec8a379f3a35.jpeg	ZJL80
1879dd31b991806f0eb038592fd155e3.jpeg	ZJL195
af52082aecf6b9d4f479d2a1f2c17134.jpeg	ZJL171
ffe81bd5a64a0c3c74d01c55cb91e742.jpeg	ZJL190
5ac8e95f0e892ba772dfc31e4c2dd0d0.jpeg	ZJL50
09a660adb4011dfd764798899082dc88.jpeg	ZJL42
11c5a33ade1cccb7e1c29346c822be66.jpeg	ZJL51
9779c97fb354b18062b7e6fe10838bd0.jpeg	ZJL86
6cde1e239dba50ae0d8e6989fd98b88d.jpeg	ZJL85
d452e52794579a96f551112886741018.jpeg	ZJL189
e1e29ee78c84c47aa396bb0897005339.jpeg	ZJL72
95a703d6ad4afa25c2da2b61d41dd18d.jpeg	ZJL90
896f5d8c7b8397eb3b7017bca27252b7.jpeg	ZJL91
b2b68017f5d0cbca1b03622ae0383240.jpeg	ZJL128
3837979908c8344909d3fb171198499b.jpeg	ZJL187
58e98e6d5ef3df732126503be34e00d7.jpeg	ZJL24
9b0669bbf196ea25dda3bb565ed33e01.jpeg	ZJL184
e31a6015ecdd5b37df60148dc69f0485.jpeg	ZJL66
ffa7e527195c7314be9ea87bd4dd140a.jpeg	ZJL6
d32561de12c76894dd9d8d6fff5537da.jpeg	ZJL111
1fc42f1845f8137a07d30b26d98a460e.jpeg	ZJL106
bf457d240307100e516692fe4245bfa0.jpeg	ZJL84
e1c3c6eb0585ca19c6a9bc7aeacdf7d9.jpeg	ZJL103
440b090dae87c60909bb75f0ca9e491e.jpeg	ZJL184
026a542b21bbc692223daa7e6a387021.jpeg	ZJL91
52c2a60c1b17d0422506976e09372e4a.jpeg	ZJL110
a0d500618b9b323bbe82532692bdd696.jpeg	ZJL64
0f74c782b8d6efc035019ac70b774ffa.jpeg	ZJL125
98d98e02881c69c7087859f78478353d.jpeg	ZJL49
601f8403336cdb2dcbc44f61c28a7bc7.jpeg	ZJL49
b1877c53d5156e9b97dcf15fb799c0aa.jpeg	ZJL132
3c052f0d3e714f9df0befd29be584096.jpeg	ZJL192
660b2e8615e6215d97462bdd788e5eae.jpeg	ZJL19
bfcd948fc393fc45e5355f3676d0fe4b.jpeg	ZJL35
d191431b2921c2e60963733de8695556.jpeg	ZJL160
25103a59eb38f163f6d05bd8db903d45.jpeg	ZJL43
3d981b97821f7ad8dbdcb664c86d0b1d.jpeg	ZJL55
b58c18ddac3cd70f6068acf4dff2ac9f.jpeg	ZJL168
03d9fb774e8cedc2dd9b71a5f6b6084e.jpeg	ZJL52
7fa6f9c7d614fc2a46561231155b6711.jpeg	ZJL79
b627eb8c6a2669a8aedfae4ca020d51f.jpeg	ZJL150
a5098dfeae25a36179719cdd3e72ec23.jpeg	ZJL139
023c16936a3718a4370aa83161d13041.jpeg	ZJL45
c98c099b59d3a29f76862a95f8adde33.jpeg	ZJL145
623675279275fe435a6d9688a977a7cd.jpeg	ZJL72
16e4213a5e6f869896bc6f0842710c6a.jpeg	ZJL162
f28d938c6719bc683119a504f7997ea7.jpeg	ZJL72
0c8246762801c743c7f937f644304900.jpeg	ZJL56
5302e658fafba3dfed7a8418e400bdcd.jpeg	ZJL55
850f2bcaa1f2fb4b5a925fca69f5de98.jpeg	ZJL24
5c67006e87e4048942b4784e20204990.jpeg	ZJL47
98c1d19afa6c707934f0c3dd2f0d18ca.jpeg	ZJL149
ad7a28636a79e67bb2ac4f61545af0c1.jpeg	ZJL61
042b08d79156f98bc483430b136856d9.jpeg	ZJL97
a4cd5dad1a9094aee7f1cb0e2d7acbc4.jpeg	ZJL186
6aef56160ea5f4f797b2520c8adb7ecf.jpeg	ZJL141
d73703bca55b2e21b077a56abfac6e0c.jpeg	ZJL187
be1ef49e6000456c172d73e86c6b3fbc.jpeg	ZJL125
179260d1baee0f56614c0e1f71f54055.jpeg	ZJL109
d712bf36d2f17b184e567bf9b29c0279.jpeg	ZJL145
be3199fd422bfbc2cad41a0801cd3aaa.jpeg	ZJL35
c7ed5050fab34c7be886cbb24e794cc9.jpeg	ZJL118
63cb77690f5e073c2933825afed532f0.jpeg	ZJL172
694f5348c8cdb08281c3f7eb5857ad62.jpeg	ZJL160
45fd335504464ec15597f9452cc90c95.jpeg	ZJL150
9a7d2600c9254a2d563b56eaa8231985.jpeg	ZJL44
b21d8e663312e2ea3e432403dfcd7e57.jpeg	ZJL52
e50f98f77c648705f213856dd5643619.jpeg	ZJL184
a6ffd240dae08c4bc7b62667d699bca0.jpeg	ZJL146
f5d05e8f45411fc88d0bb9d7f686194f.jpeg	ZJL122
99b693ff69d6e3c770c082042f87b61c.jpeg	ZJL47
5b15c60a6041de63f884f2ef27622471.jpeg	ZJL78
d33ffa202667b811d4c8f26733cadea0.jpeg	ZJL66
0781b0d9ecbb23e70c3ed632a8ddb4bc.jpeg	ZJL91
f9a100b5c3cdb91cce84128e1138d89d.jpeg	ZJL14
a575f061a3878d1d5317ee21f0f1495e.jpeg	ZJL108
3d8ecc10d48d1d88a6fe4f3e37cbfcd3.jpeg	ZJL89
464685753d48db942912dca96d88e7a5.jpeg	ZJL192
3ba8af16186d399694502071da26126b.jpeg	ZJL190
11e1daa1db63b0548ad49ef5d3c88b72.jpeg	ZJL139
da6dfeeed0163997b3943c71508fda0d.jpeg	ZJL34
bacb0160e1c1b6981660323c3535132b.jpeg	ZJL114
b5fba2c8c0948dd302af7f6670f10b87.jpeg	ZJL126
ff1702dbcce05a847d196bcdc13deaaa.jpeg	ZJL94
2ea30200a66de1d787c2b23a624b24bd.jpeg	ZJL35
df90e3a03d0574c6a9d94826e1562227.jpeg	ZJL163
92aaf5afe62baade6bc38599a4958561.jpeg	ZJL177
4b443e6d6132a884de451f704d93fbfd.jpeg	ZJL104
d541ad3585ea855efe4196ae1a15f845.jpeg	ZJL14
1ea1c456d67c7a7d6cc65dbfe28f78ec.jpeg	ZJL177
cb7a3cbbdb347140ddaa129160cdc1fa.jpeg	ZJL170
e1bc1fabfbe2885f0ccf696258ef42a2.jpeg	ZJL70
ee71fe9af112a19408799f39d765911d.jpeg	ZJL77
58b774f66ac90da35a284825f01fd02f.jpeg	ZJL172
087b52ba064f183b6906af837674eed8.jpeg	ZJL159
eaaa7d4facd1bdb2e444308892733966.jpeg	ZJL186
e658f0a38477220bf21a398090e477a8.jpeg	ZJL29
586011440542261c33e3f6408f3694a3.jpeg	ZJL84
e2322d27002a6ee31df1c50037bbbc17.jpeg	ZJL175
ebd185e6808cb217f9860ce8b93ec3ac.jpeg	ZJL15
202fb7281e2dd780832617ad8d98b379.jpeg	ZJL71
a490fea0355155ffbbdfaf7ddfd02638.jpeg	ZJL179
b228f5a286711db3afb07330bfa6ac82.jpeg	ZJL188
c275d2f94c6cd378f25f056a0dda79d7.jpeg	ZJL66
814b52b20ee10aebc02c24bf86df3049.jpeg	ZJL39
2c915d8624670cfcd3963853f7d015bc.jpeg	ZJL44
45cdd0d5cb7a1d63b1cb081ba38a4a39.jpeg	ZJL67
5b175f849014f3940d1dffd384b7d9b2.jpeg	ZJL131
9aea49c3f93607fbc6dc314af72b1685.jpeg	ZJL39
2de237172833840d7745fa72c0c5868d.jpeg	ZJL11
9abc812e05d37f5577c8c2c733ad0bfb.jpeg	ZJL44
61d3c43df8c0e6a289537bb83dab14c7.jpeg	ZJL157
2b9575ad0cf6eb466d01cff408c8b4d8.jpeg	ZJL55
58c72fa76bc89879e814b698e07a4955.jpeg	ZJL29
3a23830894bd17cb56941df33bc2d737.jpeg	ZJL59
69154b6d8f1f29a3625da777cde96778.jpeg	ZJL96
d23a8d8ac8e3449501cc91686949b4f0.jpeg	ZJL18
02612b971f4b373c7c50cf258608b594.jpeg	ZJL138
5482d1ef81c8b835f688daafd3b26762.jpeg	ZJL53
efc728d6f84fb7685e1b6d1d04454040.jpeg	ZJL193
677f73a607ee51a3f83706167d58e130.jpeg	ZJL110
1c5ca350457ef485c17377c2415c6cdb.jpeg	ZJL141
01607d39c95fcdae3e1a005156db9cce.jpeg	ZJL10
386f059d75a958501d68e6aba4a50aa4.jpeg	ZJL198
f12ffdbe35d1604e648b57cd41b60fcf.jpeg	ZJL73
260f6c8045cf7c85af035c59521c299f.jpeg	ZJL186
00efe02a40e69b9857bab73020f9620b.jpeg	ZJL48
800ba28ee3bf5d5707677a4600886d19.jpeg	ZJL167
3fe6d1c2fd65a2ec2f61af7b590a3e0d.jpeg	ZJL86
d62741e376d1d5e395e1f9d45d8caac4.jpeg	ZJL44
9a2951026ffc4105314115576ab9407d.jpeg	ZJL59
e6672f9a16726ba9b9b0dfc77c0f9dcc.jpeg	ZJL192
ad0a6179a9784674b6011d15ef2e6c22.jpeg	ZJL94
6590a7ef3345eac80d14c4f9f2eea687.jpeg	ZJL84
78453981cda357eb958b41eb0ed6892d.jpeg	ZJL63
489ace3fb7de23af1a17406c0adb0855.jpeg	ZJL196
5e0adafa14c61d4d0f425c375853535c.jpeg	ZJL109
01f780e62797d00dbac0b067e8635dd1.jpeg	ZJL153
98cb70803264c1539cbf9e14164f36f5.jpeg	ZJL189
a8dcca9e3de80ad24eb0191f55d938c5.jpeg	ZJL197
062511c4d224b5154009db8c512b5271.jpeg	ZJL110
7728bda79fd6bd7724e3e0e328bf5f55.jpeg	ZJL2
f0e5ad5665e0ac52d964e6c800643cc5.jpeg	ZJL102
cc2eec990ae1e5519ef42fccb8c4bec8.jpeg	ZJL149
3d71622a48e77843b38ab625e5e5e43d.jpeg	ZJL156
03fc1ee8166a9b90f249e5852d435c2d.jpeg	ZJL71
78c015a024c79e4b8172bf2fd217eafb.jpeg	ZJL11
bdb2c53ee0f4c2423ae548e60faa6d97.jpeg	ZJL140
5885535bfbcbe184ddcd82a48462f0df.jpeg	ZJL164
53e215baa08abad80bda4a430e37a8c2.jpeg	ZJL142
9aabb4fc11fd26f0d6997ab19469a73f.jpeg	ZJL200
6802bd8490d70a982a6ecdbc7041eb37.jpeg	ZJL196
66035bb1b65c4da07c494f409c22bf95.jpeg	ZJL18
06c3a1e42f6112d2a438206e3562f337.jpeg	ZJL159
9a0e2e6c42e5aef59b12d0c49a7d48b2.jpeg	ZJL22
7ec8e3dc96c3209cc8821cd3bacdcf43.jpeg	ZJL192
108ca9c2bd995857d26f55d57d63ecf1.jpeg	ZJL67
9ef10c21cb827024c3dbea86d3d79238.jpeg	ZJL117
598c6f85c2a28f20c853552665f120ff.jpeg	ZJL86
ffb92f788965bfaa83b3b877e5e12a8d.jpeg	ZJL79
fe0e13b8f3a070caae10b7629bed41de.jpeg	ZJL188
bebd1e1cf2b00500ce3715a58580d2a2.jpeg	ZJL59
9026c2ac302950e17b53c78852037f2c.jpeg	ZJL26
ac57a6d13b249e396591c9e7cbda3093.jpeg	ZJL102
3fa8822f185023832b9da431833d1611.jpeg	ZJL89
8c3549b0f878e7753edc51a80d0e6d2f.jpeg	ZJL110
ae6b54709ce9e6774afe67fffb4abe82.jpeg	ZJL36
b5334f9c2ebc01dff7805f7fc7bb0466.jpeg	ZJL163
153ed5ace54c2fbe0f59834b1f5fcad0.jpeg	ZJL198
bab65a9e2aab57fa52cd6508a3496d06.jpeg	ZJL189
bb2a8271d139f4c19c5febeefd19ca23.jpeg	ZJL150
bfc595d00bb2f6ade7fc1584fbc122ea.jpeg	ZJL53
073734308f350c597834f7f165afd97a.jpeg	ZJL186
1fe8976aa52ea42b7f688c7d1e7c23ff.jpeg	ZJL53
f1c2ac3a2e61e1155d320d671860e265.jpeg	ZJL57
823207473e07f31fc58ad24e5d33ad8c.jpeg	ZJL142
03b8e52764d102c659d92b46fbdddba0.jpeg	ZJL9
ab7190a418f3c1ab964d947668eb8cf8.jpeg	ZJL90
0bf3c42f9bd51788f773c7fc61d0eec3.jpeg	ZJL79
347d799f05d15e9ddc418cd08422e93f.jpeg	ZJL32
8cf2003585fecbeb436dd0cf7af04af2.jpeg	ZJL49
303e8f111b6359402a34997b211df2e1.jpeg	ZJL161
a4d0926b74283bf9032836a04824a13c.jpeg	ZJL71
7f8492d7ed9bf085bfd1c6682699910c.jpeg	ZJL117
814ed0916d76d3d9d68174f284174db5.jpeg	ZJL109
992edaf56eea7eb3c5646b5f41bd5992.jpeg	ZJL151
164a003b98ebab3717d73572fa8775fc.jpeg	ZJL18
b74145c02348953c644de1d6766ce3e6.jpeg	ZJL121
33d51429e72f05bf6b7a487d0adec500.jpeg	ZJL2
5e8d7af47244f6fbdf137b572b68c69d.jpeg	ZJL185
f82bfb80857f2bceec7cbffb26d84c3b.jpeg	ZJL14
ffba7316a7c92c126a363b26f6fc635a.jpeg	ZJL67
62e62254c0d3f864cec2e625986ffffe.jpeg	ZJL191
c0cef4c9ba0e10f0dac9827b2896b1b3.jpeg	ZJL16
b96b2e58c7cb52b9da5b430a4aad0caf.jpeg	ZJL130
bda804372df0bc02a159b69322735d95.jpeg	ZJL45
444d599c66437a1aaf9fd5fb6eec0345.jpeg	ZJL85
2443a114dfceaab85a73f4fe0cd33d8c.jpeg	ZJL97
ea867492e1ea0711fc3ecd698fea998f.jpeg	ZJL32
8abc6fd4c38c200c076e21dc902f7a67.jpeg	ZJL30
5e0607f682fa4c157b6b1b0fc8e40e08.jpeg	ZJL180
7f2fc01b2b39a7156976225449332069.jpeg	ZJL193
0b10cd671b092c743a53b36c456836bf.jpeg	ZJL21
32fead58611716411d8919e646ed6f03.jpeg	ZJL122
dffe953a4fd9d97f71b758dd49a9ffd7.jpeg	ZJL154
c5d3f8b1f242900fa2d2dd85795a5f6e.jpeg	ZJL76
db3e8d999f2037cac3a8d590ea50f967.jpeg	ZJL94
80523767a11daafb874d0e4cb4e8b01a.jpeg	ZJL169
851df9a1627d55eea685d9e5ea106e27.jpeg	ZJL67
881902b8a2cd66c48ddf626f85d025ad.jpeg	ZJL47
18655e06f8f33481723cf1503d816b6f.jpeg	ZJL156
2a3f7f425229d92d91ee817feac8665f.jpeg	ZJL106
b62421803f2444db7818c6b2115e15b3.jpeg	ZJL26
757c51fe5d704f35c51a8c956ab6d7db.jpeg	ZJL178
5690ccafdef5ad1815ec778a2875937b.jpeg	ZJL59
1cbbe4e887dc38604299e784ba4a2c84.jpeg	ZJL142
98e94e6ff5574dea1cc8f3b041ba7492.jpeg	ZJL185
e3b4cd42ab9c130bb2aa22c688f2ae8b.jpeg	ZJL98
e0a5e08e43d80b322fae06df0482f993.jpeg	ZJL159
11dbcf5fad7162348a0d455720522630.jpeg	ZJL142
22b2bc506b65e8066e5cfdb6abbd2f13.jpeg	ZJL43
dfe2700ce2fe8c244ae5f69ff5283861.jpeg	ZJL72
bfeb64c4c4942689dfc4f97efd4da169.jpeg	ZJL149
b16aad51c600206a6e069e2b4225ef8b.jpeg	ZJL6
0348614ee75b631c0c0d718970041d99.jpeg	ZJL196
a762447c0b34dca8fea252a1fcbf9440.jpeg	ZJL56
1a47d40b07db28eae97e3c5caa61ac18.jpeg	ZJL4
14e2a989cb9c0568ba9fe9af70eb9bd9.jpeg	ZJL7
e99ae866facdd9905edb31f2cee8e40c.jpeg	ZJL96
18b25c3ac18a04922ecd9f186500b443.jpeg	ZJL21
a463eb774693ca878f84deebbfbdc817.jpeg	ZJL176
33fb164beb43294a2c1c957261ae196a.jpeg	ZJL151
6a7b1a7ab79c4394d3f74c0f47256d63.jpeg	ZJL58
25403fb05e930e58c0647795bbfaf901.jpeg	ZJL170
92acc96856fe63d5620c5e9a25340a39.jpeg	ZJL193
485a33c26d0392f9f57eb30507419c68.jpeg	ZJL169
81b27e34ffbcf971ed92ee695c72cf7b.jpeg	ZJL42
ce76cd010586386e3fff71f937a7135f.jpeg	ZJL71
9b8e49fa7f6b11458f6d1ae59b746637.jpeg	ZJL88
39be8c9ebc790037214226ec9efd1b59.jpeg	ZJL6
428eabcd9da239d167e3bac1f0a87e3e.jpeg	ZJL198
a4651717c31b19982247882d5771f65e.jpeg	ZJL154
d6e03197ffc5a283776a3db79049beb5.jpeg	ZJL113
bfecb399d56afdf4eb4db0f0db3aeb42.jpeg	ZJL147
9b92b3d672fe2d76e15458b00ad4a1be.jpeg	ZJL57
dce69e90785521f4de60f516e08bd1d8.jpeg	ZJL29
c99c17d4ccba04ad10c2d65ff8261380.jpeg	ZJL166
8a1f45a66c2d1d5591f42c3922709aa1.jpeg	ZJL165
2ba4f3349f1a522bdb3c0b8ea176adee.jpeg	ZJL194
e3cbfb6294b1a045ae4ce91c145d79fc.jpeg	ZJL19
94049f3d653c063382c06fa584c78cf3.jpeg	ZJL165
a09013b50fa46ff68a4895e2932d1a9c.jpeg	ZJL45
e370afe08bc13c8ef8315eb21d85cd70.jpeg	ZJL16
fb2f4b34274ebe7db72152256da1fbbb.jpeg	ZJL25
12c9402876035b1870ad68ceff087b7b.jpeg	ZJL21
f1973f807d529411364daccec46c1ed3.jpeg	ZJL193
78da5c8cf3000cc557a494d3c184c6e1.jpeg	ZJL69
ff91c09dd7db44b12b43e697bf0da8c2.jpeg	ZJL41
7ec799d7f7788f94ff08d46e343ef532.jpeg	ZJL68
b5d125013bf263d6a6fa8fe81b56570c.jpeg	ZJL152
b33c56118db273db4d13fd35bbb84324.jpeg	ZJL150
24eb7a8a7c36da6c0e99a5ec88c5737f.jpeg	ZJL94
056dc2a4d509c013557f4dbfa8bd3846.jpeg	ZJL46
ba2641169886a6151ba027f8ccecb0d4.jpeg	ZJL141
ece52401010d2c986ec5a2e71e985976.jpeg	ZJL89
9ac86395732a0b4d0e19f9ed5c891216.jpeg	ZJL110
e748c9660244dae74e81b80d290e94f6.jpeg	ZJL150
3fc4f67e118643592028cf4c7545ad74.jpeg	ZJL83
1c2d32db14083875eb86f412f53155ef.jpeg	ZJL186
5127825df9af7bb51fb89b7c1be2e32a.jpeg	ZJL187
ac8d6e03c491e79717637316f8d53dc0.jpeg	ZJL28
5a5371db18038e6d717cdb8590322a87.jpeg	ZJL181
9731753d6b5cd3efd95a727e4f3aa48b.jpeg	ZJL126
68e0aa5480c356a735372c67a3bd3894.jpeg	ZJL77
c5f8f9ec34915839a47a2c8f0e5583f9.jpeg	ZJL176
04922e3b5856566fbd526c1c4da94264.jpeg	ZJL64
83bb81f4000ef995b14453225f238a49.jpeg	ZJL145
bbc06afe77f411e7d1e16f2b7c70825c.jpeg	ZJL168
c18a303bdc9849a78b62ddcc75d26d34.jpeg	ZJL87
8f5b924d9fef46cbc04dea52d76c712b.jpeg	ZJL19
80580fee010da0dfc205cc6d4e46cf82.jpeg	ZJL190
3ec8905264820e5a3e228bfe6340d532.jpeg	ZJL145
84d8684ba4d9ea9c1a73dd0fb76b0298.jpeg	ZJL195
5263f7293867b5fe79b9b3f0e6cb872c.jpeg	ZJL36
f6db06c32f7377a9cb5c48612bcace97.jpeg	ZJL38
36f43d56f2defdfe96c74ee971a8b1e7.jpeg	ZJL50
36b7d675940ef15b49e937864147fd73.jpeg	ZJL47
579372b7b1a17e102176d63fe02490ad.jpeg	ZJL177
a6b144708debfc5e411f3dcde87b9f87.jpeg	ZJL93
fe4e5766753380b0ddddc25a5c5fd724.jpeg	ZJL123
c00e65ff3573174ec04fc844dc4c031d.jpeg	ZJL161
ce6be59f38ff836c333fdb6485efd4ae.jpeg	ZJL15
93ee059c04092459a9145d91d3a2c72b.jpeg	ZJL81
8a2e26ce49fcf37fee30c6d3ff7274fe.jpeg	ZJL163
a262b528e648a6e8aef5a780b61149f3.jpeg	ZJL103
c794f6e21b76774ff7f965c51054edfe.jpeg	ZJL150
7800382d2d1dd4e002eba42f167ae513.jpeg	ZJL16
ea48b43b57526171f399c42b309bd8dd.jpeg	ZJL30
96ecaefb4548d1a70f7c6c07e37cbc7b.jpeg	ZJL130
32f068b085518e129cd0d92004dc16d5.jpeg	ZJL30
125ede0f29ae32db818e495a0db2a460.jpeg	ZJL196
7dd5728c9d6c44009832a2ae3d592357.jpeg	ZJL158
945c2c40b802207b3470023cd3daff3b.jpeg	ZJL172
6d7972a6941e2a7a0f7ac9ab66357ba1.jpeg	ZJL55
629c91774a0589aff44af9a6353095c8.jpeg	ZJL66
05ba29125c62400b23f5b5f38d418454.jpeg	ZJL57
682649f836857c5c7aed90e24feb7f82.jpeg	ZJL189
2383e73fa32da0382ff542d7c70298a3.jpeg	ZJL103
31b99b145a453e457ad5a9b9d794c333.jpeg	ZJL21
1a48cba6a2fb65e1fff5c78ddd4c6303.jpeg	ZJL63
bbe237299ff34aaaec4c1e548d73ed0a.jpeg	ZJL31
265030d9948618ede863a2a95a345bcb.jpeg	ZJL173
d32a94fc20c59c3dd4732080a83fc0e7.jpeg	ZJL32
681cdb94ba0cb36beb85c64795a82e2d.jpeg	ZJL24
b1f0add3466b572f72fb42150e4420cb.jpeg	ZJL109
877fad2259bebfe64b16238ed03852f5.jpeg	ZJL111
8d5a82473794a33169729b8b356a7ed1.jpeg	ZJL195
535a32f7af7e4f9bbbbf5d639239c476.jpeg	ZJL53
24f08f634fb2fa82fa258b6f08564005.jpeg	ZJL62
585ecfce7a7769cc4737c67de144b31a.jpeg	ZJL126
f829982e0879cbf2c40689a7f8cfa609.jpeg	ZJL186
556337d30ce28b81b8e3acf102a394b9.jpeg	ZJL14
6651f55e682917660837f0b6b43b3fa3.jpeg	ZJL156
fa3c1be42f1fad001ab7e18139a3992c.jpeg	ZJL146
508f379874550d3f3f17ae4b293c1536.jpeg	ZJL128
edb5b4f9eac60776f8bd3848693f4a7f.jpeg	ZJL141
ede3796fd589e0cd131aeadeffa9c795.jpeg	ZJL114
76d16aea10d6252eebb7b5a26f47394e.jpeg	ZJL49
caf5bb873accba99403998e7872a26f2.jpeg	ZJL140
d3d878f63f91660c01337c4e7990144b.jpeg	ZJL61
fe476fad8c258c6f50b3ad0ab29ef268.jpeg	ZJL26
a3561719f3bc6e3b7847d1ff54fab249.jpeg	ZJL21
ec61572d464ed45832811559dc0b5861.jpeg	ZJL107
8c051fecf40369ca7d1220dad424c649.jpeg	ZJL110
bb81e9238bf33a71408d7a8aed91642f.jpeg	ZJL111
404bbaec5ffa23f2ac67569ded9033b3.jpeg	ZJL154
ee1f8f62b1af50a53a2132b1bd5c7f9f.jpeg	ZJL149
acf3a7a7a27dc680aa30b5053b930ab5.jpeg	ZJL117
33a3f6879e444750165bf3f163c36043.jpeg	ZJL45
eb647fd2c2411fcf287f42aaea3e3aaf.jpeg	ZJL177
e4faa29bc5a99fd483cdef4b0a5aa120.jpeg	ZJL124
6186aa86dee13e6c5d9a5196ed46ed7c.jpeg	ZJL159
663f71b8f5ca5c1f843f60c339329a51.jpeg	ZJL40
6daf1cbd553348f6561b4f0b13dc5ed4.jpeg	ZJL104
3381e55f3e2501967bac8c07de8456ac.jpeg	ZJL82
ff05440ecb704f724f8ba1218704fa62.jpeg	ZJL197
3f16c109c8f68bee46faee77e3ba3e0b.jpeg	ZJL75
6985bc4c19cbc2a5dc5655bd62b1ab81.jpeg	ZJL145
7d7f67106d34c44060d73693013367f6.jpeg	ZJL83
b0afe4df5263f3fd09825d0a257d796c.jpeg	ZJL15
5ede2a75983349caf2838c457b4fc838.jpeg	ZJL65
fb5f0609535c980b0d480d4f008f81bb.jpeg	ZJL100
a091dc8b44b975502194ca96834b3c86.jpeg	ZJL157
ecfab531383f641545fb843f4886c3cb.jpeg	ZJL55
ab74535a5288880d39ba844855656fda.jpeg	ZJL104
d4eb8781518797d8db800d4285252986.jpeg	ZJL1
fe1f3cc8f1bff29dd020bc0a92549b5b.jpeg	ZJL73
bb46ea7c4888331e36a7d360bed6cdd0.jpeg	ZJL122
12b4a339fb47bd640f84aa3e17f658d7.jpeg	ZJL73
fa53b04f6c72102ae974c9bdd55c4354.jpeg	ZJL128
c027bf1afd2a76427800a4150ec12473.jpeg	ZJL104
4fbde09e9271eacd3b3937a0e8f275a4.jpeg	ZJL154
7947cfbaf1f6431302cfd687bf35a425.jpeg	ZJL53
cfc583c4bd61f5a6e7cf4b297e3f4a3a.jpeg	ZJL108
de77fb698db653bb84486de6c6d291bf.jpeg	ZJL188
1155d487958ba4fb081e2ccae17d0704.jpeg	ZJL128
1fca19d3a78b2f055ca1ff52ff0d8892.jpeg	ZJL199
9d431ffcd25ea0ecfe9d057da0e28759.jpeg	ZJL123
8cdd3f5b9dd60f3239173cf0b29726ba.jpeg	ZJL119
ea6195edb4460dd3ed0f5d05f639b1ba.jpeg	ZJL125
1ea7b51aeba7df3fc274a0b32124fc02.jpeg	ZJL37
09f7c6e155eb31c2133d7310b8345d11.jpeg	ZJL161
20383d654d9452dc02c26cd1e5ba4faa.jpeg	ZJL161
af187935d88c64ace3c923e867777407.jpeg	ZJL83
15c2d40fd59966762b0a28f51176578d.jpeg	ZJL53
baa9962f90aca72ab26691c84df7f3ac.jpeg	ZJL131
d3111cb1e6e280e85737836bc5f430ea.jpeg	ZJL151
f9d4bdebea673f049c2fc629588e3715.jpeg	ZJL174
3e97c30c46eb46a2e854f02f1c3e93e6.jpeg	ZJL138
08a628631a718658dbfcc13c8ceaa45a.jpeg	ZJL24
8a40c7221fac7e2c6fe1124c8ca80162.jpeg	ZJL43
ea8923fd548562484afc8fc472c17e27.jpeg	ZJL78
411cb50f6cd8ae8b4fac6c139f3131b1.jpeg	ZJL172
03e62ea95af2600da44256e7719cf932.jpeg	ZJL162
e7fd5e691417de000f1abf004c6070a8.jpeg	ZJL103
60cc914eaac745c86888ee261958d11b.jpeg	ZJL125
e5f2d8de1b6c983eec69ff2081ee143b.jpeg	ZJL98
ba733b172f625ade4674e366220c4209.jpeg	ZJL3
c090426afaa8d3f030beeb18a60ba7fd.jpeg	ZJL156
0f4ff3e454bf1cd5b5cdcc3c7a6f5d6f.jpeg	ZJL13
ec981fb980814a9fbbc080f04610b9d3.jpeg	ZJL159
f1733fa2ed8252422ee7926806403910.jpeg	ZJL16
426539d7917f3854ccbe7ed48e6ad32e.jpeg	ZJL95
4f1ac73716217715c1809682da0cd216.jpeg	ZJL170
1ae4fd364b64ee03d774945236bedfc7.jpeg	ZJL12
c03ba02e4c52bc34e2ceb58de4de90dc.jpeg	ZJL180
28c340845829fd44bd3f2decc83694a1.jpeg	ZJL78
c02440b6c6328e5321e2e572ca6bdb1f.jpeg	ZJL169
e66d2156de8ebe4e8089d89bfbd74c33.jpeg	ZJL90
55ec9f3828f77a828384628da596b61b.jpeg	ZJL133
fec9c991d2ebe0ba669376bb0f45e9a5.jpeg	ZJL23
49d60b6537361720f0477c2997bbfa5b.jpeg	ZJL54
59f2ee3ee6316fc96ab088555d5ebfcb.jpeg	ZJL11
72449bc82f4afc5504d9c3f724bbe3fc.jpeg	ZJL96
864e0755208b1b07bcc1e0da47c28bda.jpeg	ZJL87
6557c61dc16e96e62e46cfd47b7517d7.jpeg	ZJL100
222d2067e3af7f138588a41ffb2f265b.jpeg	ZJL162
9e85df8dde50bc0109352b84d164a61a.jpeg	ZJL80
85287c8bd4b3b5a183c02966aeb12e9d.jpeg	ZJL49
79ca19921c2020dc168f16ce7e8d28b1.jpeg	ZJL135
4d3cb40f2eace49eef2cf6138ba920b2.jpeg	ZJL31
8dffb9497a2ed52fbd583dee8d293f89.jpeg	ZJL150
f156547496d5ab7a45913ec5ad067d0b.jpeg	ZJL167
6dfe9c2f36c9e8e2845eae906de90fa1.jpeg	ZJL168
b54282ac0d791c3507d6d11fcfd2fbc4.jpeg	ZJL68
accf2fdad481d7641f5432c64e843c8c.jpeg	ZJL123
62e4edb5f92e90e7474596586ee1c097.jpeg	ZJL47
2fb86f73fb1147b7d33b6885d80dd30a.jpeg	ZJL135
933cc6abcd588ea2fee2ddd517100b70.jpeg	ZJL146
ca628a86f3d5355274f9e14bfd4ec51d.jpeg	ZJL95
bd009de2bb38c15e64bfd9f298a2e3de.jpeg	ZJL6
103a133c138e9299a41bdb53997e3868.jpeg	ZJL71
ae60d0c3d79ec9c4e93764398ad14d47.jpeg	ZJL188
ba496f461cf2f6ae06f3c8c7c1d5cfc1.jpeg	ZJL78
3351045a02bd8fb411a7e6d60935b3ca.jpeg	ZJL15
77d95a1990d318e7f562e222260600db.jpeg	ZJL67
ca9d657f5b4cb4177884e2bdf0a9550c.jpeg	ZJL114
f6b38b8e15a97195dbb27dff7a41d484.jpeg	ZJL88
650cc77f3f7a9bc224ea6f0cc5140d19.jpeg	ZJL187
a3c00057339068648073002c9ddbfb58.jpeg	ZJL145
4949b6f1858e997c6c22896810cadf34.jpeg	ZJL88
161f60c122965a8ca805757ab97b248f.jpeg	ZJL43
58f902fe52989f7f3a083415760c122e.jpeg	ZJL71
0a0a823378a763c46c184ab323cd265c.jpeg	ZJL35
8284f53136470e010de31f2731d284c7.jpeg	ZJL40
419ccc1f4adc4452d412dae3ae28b992.jpeg	ZJL80
c682c7342f0858cdbe0941966359c7ac.jpeg	ZJL70
055b203f2a06560b9d93354f6216f377.jpeg	ZJL43
565d02271be0089bd8ef45e97710f16b.jpeg	ZJL50
7c71b546fad1dab788e34a949eb3934e.jpeg	ZJL158
942b362348e625ea53bbf28f1038c87a.jpeg	ZJL138
776862660c751b82eb0a3d67a435c1f7.jpeg	ZJL110
9ab90b5c51bee4d4e5475bfb7e797108.jpeg	ZJL56
4e8d32de7a99ae65f099ac54e036c04a.jpeg	ZJL38
f4a6ce0d617a94e0f1e2ef90163aa445.jpeg	ZJL60
2f7d2bb091fb7bb6169964284c7242da.jpeg	ZJL122
28d1c94bec3a51cd5357e7beba022b1d.jpeg	ZJL39
82be7b73036538031819607cad933ac3.jpeg	ZJL141
ed1f4bccfad2cd5217fea499efcecbcd.jpeg	ZJL43
d62ba71a3fc2f70a0db0ba9f0ac9dedf.jpeg	ZJL111
d82b00ce90093cc3122fd43029ff92a3.jpeg	ZJL80
73e076c81d352a86d0a8345af520e224.jpeg	ZJL146
a6675c680cb2880b557fbe592a17d4a8.jpeg	ZJL195
b1ac103d99389fe2702054a858f01483.jpeg	ZJL180
bcf9faf9fecae982786d77b5a8c9e9f6.jpeg	ZJL188
6f8054ac1345fb93500682bdd105e348.jpeg	ZJL197
2d200334081ebebb6b5375459bedfe93.jpeg	ZJL194
553739941b683badc8f59fc64e06ceeb.jpeg	ZJL161
b1c075cefb9302b6d24a40c002beadb6.jpeg	ZJL100
0c8f1536cfd698a221153865d9db517b.jpeg	ZJL11
1a1d36b5134a5ec2855ce95fb4787cc1.jpeg	ZJL186
b9efb1f9eb1b23bebfec4df8d743f065.jpeg	ZJL118
43c95ffc40ab84a43a64d51797706a72.jpeg	ZJL32
18adeab9a9061472727271cb56f770f9.jpeg	ZJL192
2211965b023f2fc7978ff1742158747a.jpeg	ZJL88
84bb4e08084cd991800f94d564ee9918.jpeg	ZJL61
bf0eab28dc030e8c424fe72be0bf7a7b.jpeg	ZJL34
ae01d3829c06bb1d4bb4781867247da9.jpeg	ZJL59
137a6c5be56c470fb278180796177ad6.jpeg	ZJL36
b7c5b6e1a6ade5dbb18c87992d601466.jpeg	ZJL77
345232df5a96c9bed6d86161151b5e2b.jpeg	ZJL184
ccf166a923bc41a877176532305f4b65.jpeg	ZJL125
1edc1743b38d870bd5465901ca6df421.jpeg	ZJL93
d6b77270ed58c8368a12d223a9f952ee.jpeg	ZJL6
b7cfcb6de04e1bd2c5adc21a3dff1391.jpeg	ZJL186
a469d3c1d2866cd309606da4eb66277e.jpeg	ZJL51
e89636605cb78940fdea84c9eac44465.jpeg	ZJL123
fe76845b444d934aa34917ab4441d7f3.jpeg	ZJL63
0f8b5c2ab5c81e0a03a66f78396e98a6.jpeg	ZJL150
cd3b92cbcfb5dfe4f6d7f85e713aa077.jpeg	ZJL111
d1e52341517f98caf6bed276ffcbd206.jpeg	ZJL43
b131f2efd78a8f45da2e089d7b32049f.jpeg	ZJL130
94fc0e5ca801134ea180e65cd4ff917c.jpeg	ZJL26
8a67b67f26fd568a3054669cc78e1031.jpeg	ZJL133
f99867303c2abb5d2954d2511f6df974.jpeg	ZJL116
fecbc714807b5d4ebca0863a9136561e.jpeg	ZJL38
49b28d927175f5a052c0e36bead133e8.jpeg	ZJL10
6130af092480ac68e8368d70101bc620.jpeg	ZJL170
86be9f10e3521da4b2672a7a4034ecef.jpeg	ZJL25
2cbef16e7047fd1b305c58af0d130b7a.jpeg	ZJL125
f8e5ddbcfb54912d41e2f0f986de9aa0.jpeg	ZJL78
cdd9c46549b40e0df1a369ea20791298.jpeg	ZJL56
feaa6982b51017065f9d6558aa61607a.jpeg	ZJL185
a1de21b7235c824f0e004f01b427731a.jpeg	ZJL66
0b5c544c151aa7147aed1f5d3a1a8270.jpeg	ZJL73
de19e81753ad89b90b9d3826fb60f48e.jpeg	ZJL10
ce6ac2fcee4ef78767c0913bb14702e5.jpeg	ZJL71
14f3eead13e37e9ddde7dec43c42ff87.jpeg	ZJL44
18afc31763ca0ce9c2639ad951036a65.jpeg	ZJL99
7b388e69d58200abdfe5c64140a8ac6c.jpeg	ZJL151
69d1bb9d7e7256e577613190a89cdafa.jpeg	ZJL126
4806e83640bdb7b9af26528e6ec0ca5a.jpeg	ZJL45
0c8f08c219ebfc398673270259196a91.jpeg	ZJL48
855118dc8d17c7e09644ec1c3b9788a2.jpeg	ZJL140
7fb88613f6178db8912fbb9a464aa2f7.jpeg	ZJL141
fb67eb1d7fa0dad3d7c9bf348e298023.jpeg	ZJL49
44559d6161d893bfb1da1107e5b06991.jpeg	ZJL150
5896622015764b99c4e096b7b084af6e.jpeg	ZJL143
a6a9a5ad85423083197b9f62d4c15819.jpeg	ZJL122
c3ce234d207b6ab6e13f4eec2ab19c27.jpeg	ZJL157
88a66c3a586e516d077fbd89093676ec.jpeg	ZJL25
ebbed12dc5a3775d18f9046f8583c689.jpeg	ZJL163
3682a072585a780e4dff76f7c537129e.jpeg	ZJL91
4ddc32510dfec410bf441ba6b00c20d8.jpeg	ZJL51
abc3fa9c8746b5947ae7f42a0cf07979.jpeg	ZJL28
e562e01ad63f5c7c26a95c037752ba8a.jpeg	ZJL38
395ae61d1f0d45fecfc01d56ff423b48.jpeg	ZJL137
0e632ee0ff5ffe5345fdd29cde38bf11.jpeg	ZJL53
11cd02cab17f4f4b9c2168c658c24a0d.jpeg	ZJL179
44d16cd99cb16a1b98509b13e0afc538.jpeg	ZJL50
9823b1eb7d50af04d69265bc0b9e14cf.jpeg	ZJL185
ca716211229d8a1da38a3c91998dbc5f.jpeg	ZJL162
9353e43958176072f163e7f1f14ab41d.jpeg	ZJL46
15b3bcf3f09ddac20d4612e67b53c51b.jpeg	ZJL66
3ee74635cc13438e71ae593235c6a98a.jpeg	ZJL100
99c248c2c6cb9fc3d05af48643cc380b.jpeg	ZJL63
ecac1fe4ff02bb3b9ca861ba3b8e8355.jpeg	ZJL190
fa4e8b8cbd88fe0fdb0b0c588f0887f1.jpeg	ZJL127
a92632d4f1770db706e6697b36495cdb.jpeg	ZJL151
f085a2bd7a205a7c969e520c6b2f7593.jpeg	ZJL146
96dd98d190040acac27ab6926b2aaef0.jpeg	ZJL170
a6b487cf06c7475e98d06f0747d05902.jpeg	ZJL114
0c9b968a73a932a3ce6d1245f6b55100.jpeg	ZJL15
fe663a8983649e91ba292529874bc381.jpeg	ZJL153
19bfa25493d01324c421fca3cb201621.jpeg	ZJL88
a055d3650307da4e4a045fc130784c25.jpeg	ZJL22
62f7fcd230f2b39e6d8e85578dae5686.jpeg	ZJL71
3a166baee01f3c0c8845cd16d08293b7.jpeg	ZJL114
11275d8722a5d63701d1ec71badd67ab.jpeg	ZJL123
9e64e8ff54f1856c6c9e1a34c7dfaca2.jpeg	ZJL32
70174d5bd7bc29452f09ea5c20b1e0f2.jpeg	ZJL177
786ce70f2877b25417e0df4c94492436.jpeg	ZJL168
8e60027fc9f2fd40f96c60dc953eb568.jpeg	ZJL51
ea20b0c79492f3bc31e77b1c07c60761.jpeg	ZJL41
955ca1d728b73508b6ddbce3c7c43df5.jpeg	ZJL46
c4b859b9f89a99dbcdfcaf26ff97e110.jpeg	ZJL98
5b80071705a5b716fc4d81fb387fa492.jpeg	ZJL186
9c5ae825a31f8214cc1eb2f07894b13f.jpeg	ZJL58
6560bdd03e1990b49318a8da73b3dd4b.jpeg	ZJL41
fd95ba9e7ead2a3949bc89bbf008ca3f.jpeg	ZJL61
8cd3f57b62ec809f8ae991fcbe8349ad.jpeg	ZJL124
8f6bc99f143e1d23a7e9287acdc6f41d.jpeg	ZJL68
42db86c8eb8d95aa8e54b1b2b9a5bad5.jpeg	ZJL98
9ffdab006c7677112df237f0bd296609.jpeg	ZJL41
73e437724f1767583b2ecca838564e07.jpeg	ZJL166
85afd8ff7692e16da8833c99cfd6362d.jpeg	ZJL87
5a31b75fa0fa9b46a9aac11f117ebdf9.jpeg	ZJL76
851115af7526a42bddcc25b88b5c4123.jpeg	ZJL21
552bb0b35d96d8ad5b7eb80cbe6cb47f.jpeg	ZJL87
e0dde425fd73e6e7627f4b3922d7392d.jpeg	ZJL43
eff0dff83e3195b91961169b82e73932.jpeg	ZJL36
bfecd8322b8810534e0feb1929ef9aa9.jpeg	ZJL177
87aef1caba5f55e19d3c36e5f9d78ba2.jpeg	ZJL139
4445c860c17f9bf0a5847dbd8a660e0f.jpeg	ZJL178
31a5e88ab21fa1c4a37bd48cba88960a.jpeg	ZJL56
4959ce1dc158b0893fddb8bbd5796593.jpeg	ZJL23
7dd3597fdf082b219b143a2a9d9cf830.jpeg	ZJL110
f98001e0407727edb08109b22bf85a3b.jpeg	ZJL61
fd63a3438fabb29fba7587c394c3a013.jpeg	ZJL111
5f255626194c5acbf96f3ce694e0eb45.jpeg	ZJL135
9577cbca71bbc0aeae804770d4b7bc7f.jpeg	ZJL165
9616639b49d0b1953f006d4c95504191.jpeg	ZJL28
cf93df69fd4bfd5646a0a8f7ad91fd0e.jpeg	ZJL90
f86efcaea9515fa7e68fea961197606f.jpeg	ZJL156
96ee85c1b83724c3467768a2a216341e.jpeg	ZJL85
644549d61caae9c1e439d9d4c3932129.jpeg	ZJL25
81e5bccd8b7cb62c80f6d27f61346dd5.jpeg	ZJL151
5242d15eb3b900ffeb9b43f838d204b0.jpeg	ZJL12
141c9ed18bbf704f4db33d89bc7614bd.jpeg	ZJL4
6ddbc497ccb37bee89188cb137383800.jpeg	ZJL168
62996bede8fe34c31d5082639eee42ff.jpeg	ZJL101
d48b4e1b7836dac047a5be7b61ea5f80.jpeg	ZJL54
f33ea80b3e77baa43e288183be3aeead.jpeg	ZJL41
cbe4689ef2c6348e03745fdbfe42f049.jpeg	ZJL16
dc11790755db4b8cf955c0a2f76f9291.jpeg	ZJL13
ac980a7841326a012a1941542799c6ec.jpeg	ZJL18
7475493233cf0f1c8d9240394760dac9.jpeg	ZJL188
e475e9084c9c1fcd8a2d2c834e3e881c.jpeg	ZJL88
87e38798c4d77cb5e63266b69cf16e63.jpeg	ZJL23
b6b40e752c82e2a42e7d10a98f5ce735.jpeg	ZJL195
af9fb2151a73cd62c56bf309dcc28ff3.jpeg	ZJL189
0269055a058834ddf012cb8c1a095e76.jpeg	ZJL189
1cc8cab0b421a9b6009f19dfb0590690.jpeg	ZJL34
57584d174b6f34d4e19adf7c2ba10204.jpeg	ZJL116
d7cfe7b87d133fdd19d80bfc22729a4c.jpeg	ZJL122
8cc1beb84b8e91e9c2503c172cf032b3.jpeg	ZJL118
231e3522341756e434f812a536e0a1fe.jpeg	ZJL113
ec950c648fe2604913b663f5f295f45a.jpeg	ZJL80
124e52269d4173bf59247cfdc76c5a66.jpeg	ZJL159
8f877c57eddd2895eab4080cc270ce23.jpeg	ZJL157
8eca87fe25fc9190513d31bb4eba04d3.jpeg	ZJL14
4353e883a2c2501140f9c6d62b2e2f77.jpeg	ZJL34
a1d7f059c1f6a56d4e622fc5e6993626.jpeg	ZJL139
149bd0e9855e593bc09e661d0691c31e.jpeg	ZJL102
ec882b8a4a621be796d3c537b0c92ded.jpeg	ZJL73
babd2bb60fc0c3ac324c0cdbe98d843d.jpeg	ZJL67
51027c8de1c0480f6f45089915418c07.jpeg	ZJL63
5c18d2f2b5191970f46fa2ae671b150f.jpeg	ZJL154
a7b752250d54fb8057f97bdfa5fa0c7d.jpeg	ZJL41
b3f1a1ead6fbdea74fbcaf33342b7bf8.jpeg	ZJL168
558bed6219406df1bc71fcfbb23b925b.jpeg	ZJL181
64fe88a7177fb371ab40644c5cb8bee8.jpeg	ZJL150
1fd18f7a74814f1d46f74a06c53a2002.jpeg	ZJL187
42ae683e1f9b6412fd30ccb99e189bb9.jpeg	ZJL169
86b25ada1474058782306082d15e3a1e.jpeg	ZJL57
ad9f1b8ded6ebf3e6ed4b80434e77261.jpeg	ZJL93
ceeef3dc6891e73187b98e744330779f.jpeg	ZJL153
4ff1adf3bb5e9d009376fc2f4fc4eb32.jpeg	ZJL44
d778b87e863788a0240f086a68585e6c.jpeg	ZJL76
1f1ea43af9335d8c016701541088459e.jpeg	ZJL38
f57a2f76360e9a42c6e8b3fb9218baf7.jpeg	ZJL200
17b64ca16bedc5c8a713b17a598b8bfd.jpeg	ZJL150
fd770a528686f9525d6c55b913e4799b.jpeg	ZJL200
2ffd07f75fb0723e767e36067e4a26fc.jpeg	ZJL129
69f44930d545f4ebf1b20c4931299b1b.jpeg	ZJL77
999d83e1b94c34a5e5f062274e93fbc1.jpeg	ZJL183
e40380a41c7c2e96f5574307461539b7.jpeg	ZJL13
9403ec69aeff7bc33a80516f4761a58a.jpeg	ZJL160
32930d6a69c15c4c0b6ba97240144e4d.jpeg	ZJL142
4b64fdd55ef980ad681e0241f39ab7bf.jpeg	ZJL106
8f655a021815c365657fb6eaa4e781c1.jpeg	ZJL167
f85b0337e1d0c5471091cadeeb40de08.jpeg	ZJL167
fcbe200c3dacac4d1f13355fefb5c11a.jpeg	ZJL199
4464f5f4af207d68d28ce35259bcfb55.jpeg	ZJL23
8bb6c3cb8ba87087711537a6a7a8e0c1.jpeg	ZJL8
213aae3684f9dead0ff9b994f1407be9.jpeg	ZJL65
29b9c30216e3a610005ea5299c3791e7.jpeg	ZJL70
830d4b6bd6e2200296460e227417bc96.jpeg	ZJL53
22d057a557b4c94c7564bd1e5e058d82.jpeg	ZJL16
052477e9c65792baa80804e7e5cf3a51.jpeg	ZJL200
3f73e750a6e9a02f3bc54ccbd4a7ea75.jpeg	ZJL39
862f7dbd9fc4755147886665aa682618.jpeg	ZJL157
60c786232eda8d8ea56e9a2ed8b409d1.jpeg	ZJL50
e49e2eadb2991a5be3be5345dc0ea0d2.jpeg	ZJL29
c6ed9f3013aade298866d92d49cdf658.jpeg	ZJL63
bb43ef6c7caf3976ba9a092ad3d2fef9.jpeg	ZJL124
658a7dcda1fc93e4a0b114b5224ec10a.jpeg	ZJL11
55b6b8a67918de2bb87d9560f98224c8.jpeg	ZJL91
0081d82f12ccd82f788064b274176f05.jpeg	ZJL84
e6cf339caa251e58e5f5f9d51b48f779.jpeg	ZJL169
bbab043426c7ea7f8eb0a738ecac2a67.jpeg	ZJL199
3d02285599724382604fdc436ef436c9.jpeg	ZJL168
705e27a4fb85bc31d9f22afe37c6b39a.jpeg	ZJL76
f75d3de24d6af4bdde09c2923d37020c.jpeg	ZJL87
452cf405f751f5dea47cb9b6a1cbb1f0.jpeg	ZJL182
0e2776ad0deb4b2c5d03f27df7fdc589.jpeg	ZJL97
4d42246dad4ff3e1ebcc4c16bf03520b.jpeg	ZJL77
440095e3fa1916a22a6b862e537a2bd5.jpeg	ZJL103
afe91c38c47f47a455871998e8bef673.jpeg	ZJL197
65b47de9520bbb24a37ab7034e1000f3.jpeg	ZJL4
1d512036abd2c61c45f75111e6a4709a.jpeg	ZJL132
a94ef6f214b045feb3da58f1cc42650a.jpeg	ZJL179
0f41e132c5d9993afe6c795b5200c6fd.jpeg	ZJL189
2d991c4fa9b6e65497d8af7cf452def8.jpeg	ZJL132
f471e233569426b5b39804c6682fdb4d.jpeg	ZJL189
a2fa6c2bcb00b4ad4f2edcb221101eaf.jpeg	ZJL158
274b23f9be9f1def25e09b573fa11840.jpeg	ZJL103
627d140d4b06f95429a2956053d375a2.jpeg	ZJL82
8e23d4838e832f09d73f51d1d0ffb104.jpeg	ZJL128
4c518f7b1927984e72a4f768a474b41f.jpeg	ZJL183
ae27e7424b4344fa2293d2e0f4fe7a1a.jpeg	ZJL62
cd588e39ce25d2601ce11ad5f0a04f6a.jpeg	ZJL29
713b260b46510718cafdcad377e5c8e3.jpeg	ZJL183
65725643e30a49fb52238c82c0cc3ae3.jpeg	ZJL122
442709242cf7f1b308b776e8fdc9e7d8.jpeg	ZJL45
ab1a1cc24602897e681073c9e7d91268.jpeg	ZJL8
9ffe637a51e721dd7fe4340cff5b5ecf.jpeg	ZJL62
3d518f534463a472fc0899befe3dc123.jpeg	ZJL117
88889fbc638c0b0be0a4261184afa226.jpeg	ZJL183
bbde26b6e4efaf81acbfd2c5e0222621.jpeg	ZJL35
8b9c6339826d75d304824c89851a775a.jpeg	ZJL46
9f7808030ae36bcd25cdd8b7579801ed.jpeg	ZJL76
1240a901bcfe166a75a542e2b4d0b23c.jpeg	ZJL3
6358fcb141f0f8489f65cd9b1de48f4c.jpeg	ZJL101
a1c55fe49fb02699934d008fabf93c8f.jpeg	ZJL83
bcb6479697bb565fb5686df9ffd51703.jpeg	ZJL93
9ae337f578cba846e328ed119ae2def3.jpeg	ZJL149
986451756434700e56d2e65f48a615c6.jpeg	ZJL185
62534c8f9ac5e75f94a780126c7e66e0.jpeg	ZJL102
99c4b9be289a8682249deabfb8705053.jpeg	ZJL40
be659b0f6e312f1e45fc97042ee6cfee.jpeg	ZJL161
e089e3d0d1840e95494556ef4301ca58.jpeg	ZJL143
f617ab9705d2502463a869ba6c9f485f.jpeg	ZJL7
6ac00864f8e171bc6196b292769ec7fb.jpeg	ZJL24
c65583e513ef0d3e807352108a1d354e.jpeg	ZJL122
905ca27648e7832f05f48cf30245d6e0.jpeg	ZJL162
913144d80ddc4c6b222bac5c8e6da691.jpeg	ZJL94
a4b19d610f33a3699bb2a59ad63bf5e1.jpeg	ZJL29
5d6d1b120c9ae2987d65adecae13b15e.jpeg	ZJL163
3895772e63c16642004ff510e385643f.jpeg	ZJL186
dc10804e407ef6e97f0a0b05722dda88.jpeg	ZJL67
41cd9658dfd2dfb0adbe9648d34a61b8.jpeg	ZJL87
2f3bb390e87fb00c1d3740f517f922e8.jpeg	ZJL16
91c0cec059e8f78421949c40cccf4aa9.jpeg	ZJL2
0723542c1ee92ee72d6e7ddce95a073a.jpeg	ZJL199
1966c88de3757abf390617956fcc815e.jpeg	ZJL118
11b4a933ba74cbd86c97dc3611f59de5.jpeg	ZJL119
ca4aa87a343ef814a2db5586f9d90deb.jpeg	ZJL70
066475540aca2a1d91ca51bbd8738f3c.jpeg	ZJL194
b84d0cac378e4a33ac8c025ec92aaa8c.jpeg	ZJL16
2fc8ad15c8ba4baede5900b37ad11cb8.jpeg	ZJL35
deda25b1fc567b593e6cd807f11af84a.jpeg	ZJL25
991b9d465755f5929ae43098b24f5f33.jpeg	ZJL138
b81d1a6ada2ea1b8cb080d8bee4ce3f4.jpeg	ZJL183
3ed822e1613d071c5cf1536db08dae4f.jpeg	ZJL129
8fd35f7c89dec7ce6b668a4dd8111035.jpeg	ZJL11
fd51f0c8416b0b2d35de999d948f1661.jpeg	ZJL195
7655f09958ad12e9c735539916e51ac0.jpeg	ZJL159
e289bfc5199478b0f93e92631900d33e.jpeg	ZJL56
5b85b8e49435020c6c841fc01e01ab66.jpeg	ZJL39
b3cf65c6d32de177360d426474faae65.jpeg	ZJL108
fecf625774e0487d702cc32e19a7757d.jpeg	ZJL113
f7e2a72c3d8ce540aaa2cec106d5184c.jpeg	ZJL127
bed80751eef5caf748d7a342ddfdab19.jpeg	ZJL44
201fabfce7c1c54f9629727083710247.jpeg	ZJL186
1dfce9538142e94a8694bc243406ba5b.jpeg	ZJL100
45d48b1bc463f5980bdb0ef171b5a4ca.jpeg	ZJL11
a4055a7e3cfae8d8a286e90cb5f66b63.jpeg	ZJL145
74ad343b9a3f164c29cd315ccfe44f3b.jpeg	ZJL119
65ba21e38bb55e0e73a70dd4bcef9505.jpeg	ZJL45
ea291ce20ced432d07d11666846c65eb.jpeg	ZJL182
f85f1860587d274a3f22e22cfefb02fd.jpeg	ZJL187
5686a4c26cb80f2adb9c167c773609d7.jpeg	ZJL128
8057c55dc11fc396dae30a6419ebb802.jpeg	ZJL73
98ee21672085e8555f8224f9cd140173.jpeg	ZJL58
2a024117352db11b99b576a63029406c.jpeg	ZJL180
9111ee22d86a3854092057d6fc57301c.jpeg	ZJL58
6764208daa74d464c03bba5644d5063e.jpeg	ZJL193
d9f010a95ffa16a691463aa105d309d0.jpeg	ZJL7
1475679eaba3ac63e004256501ec8480.jpeg	ZJL76
1ffc90b95a57d9c6a8883b0fef020952.jpeg	ZJL149
18c7390c9b07c6b9e5d810bcfa5c6f1a.jpeg	ZJL39
bfd9e659996ebd698b7e349b896637f1.jpeg	ZJL82
120ceb9655e279bec192d72feb2c561f.jpeg	ZJL185
5e0d2e300a7ece3f993f72b71793b6f0.jpeg	ZJL128
02d02db6e1c8dc8a81ec95fee451447b.jpeg	ZJL184
ed90b636ab9589160cd3a37bea7a7c03.jpeg	ZJL87
244f9c545ae266d997da449ba0165260.jpeg	ZJL65
988998f69b4fd55198ab269037e0056e.jpeg	ZJL84
969eab6236d904464c59dce388b33b32.jpeg	ZJL102
13274cf9d297a4cc986ffcb1aaa37729.jpeg	ZJL125
f17a3e7232ea899f43997027793567e3.jpeg	ZJL198
a1b3d50c7a8f340920c6572b0e2ee76d.jpeg	ZJL152
e6a72f82ecddd9d91bcac28db81c1016.jpeg	ZJL2
075d8276e974e21645d018afd6612c38.jpeg	ZJL85
973de7b403e19490bd8fb252876d600c.jpeg	ZJL75
e14d2218210218dd5fea7075b24d686e.jpeg	ZJL56
ace04e708e4379236c32a6dd45edd94f.jpeg	ZJL161
8473667b151d862ccb2aa2de6c0bb837.jpeg	ZJL111
360b4b4ab41787e0032029d95f690002.jpeg	ZJL175
fadb60ed2d4304ea6f618705216c8b69.jpeg	ZJL102
a26a110e6e2fe05aa36ff4a967ef2864.jpeg	ZJL168
9f780dd7269b88c9d2fcb6ad4e7cafd0.jpeg	ZJL35
e9e8126c2d35031924f59bd3605ee3b3.jpeg	ZJL100
e054bdb936316b0a53cf647e246d0c98.jpeg	ZJL150
cc61e20d31655f66d869f91310629842.jpeg	ZJL71
6788d3868d584f6e34b3216a2d687772.jpeg	ZJL184
194fa2c7bbcf097150d8dbb33c9a31e8.jpeg	ZJL94
6e89b72a2245809dd5e0038cf209755d.jpeg	ZJL9
6085d802e0cfd46c35ac7748f80aa581.jpeg	ZJL50
005e0700d8113f91f989c56028768d3f.jpeg	ZJL58
c068d2a7c232e41ef3fbc6a4069bc6c0.jpeg	ZJL13
edf23af3d8edf4dc7a04c82195a371cc.jpeg	ZJL78
544842b91d73fb6dd1f83beefa269fe8.jpeg	ZJL122
03c1b9293e6d8376b3c22fde8957fe3b.jpeg	ZJL181
8e60fb7547f95524cd851820e8acf7ec.jpeg	ZJL183
d1d9830bc375a93d75652606a0f5f404.jpeg	ZJL73
a8b3af1b70dacc5ba6baa00b173b9c41.jpeg	ZJL152
ea743112c21122404c9b2d63ceb357c8.jpeg	ZJL39
c4e8009cdfc1af0a53c1c08a883f5574.jpeg	ZJL45
5f53e39d0cda3680d7ce33f347a39cba.jpeg	ZJL47
ad5a335f3668fd109c273c63a4dad1d7.jpeg	ZJL39
43a80084063d86cb73b6695e613de006.jpeg	ZJL157
117eaebf3cce3ecfbdf8ff2605bff5ae.jpeg	ZJL128
b24a3ffa83646977d042126b9db85249.jpeg	ZJL103
340dc8762c7f22163478a04bde5080a2.jpeg	ZJL98
222af9f6cdbec1ab1ae4eb43e573c815.jpeg	ZJL79
cace2483b2ab5c689a543027f7786a73.jpeg	ZJL64
7aa9685650df2dfb620d47731904b91e.jpeg	ZJL21
1ba13a656a4b14530f602c2fcd3a982f.jpeg	ZJL76
3181595464ad54b618f37d77e8e6b3e1.jpeg	ZJL125
89571f29f2d0407bbb3b1fbbc4e397d9.jpeg	ZJL156
6be1cd20be7adfe0492a0d1b025f2cd8.jpeg	ZJL153
1e8fc95a26f6c53b3f32a49a7eb126cf.jpeg	ZJL140
25e6d31c74eb2257b7e119281f61df0e.jpeg	ZJL40
9eddf3a59362b20683ce33092edba321.jpeg	ZJL41
38c86dc6d586dd39dafe4c9e22fe379c.jpeg	ZJL85
b0b67b31290c129333df7c594b5259e7.jpeg	ZJL46
9dfa8544a2f216e98cd0d127aa2e8f53.jpeg	ZJL183
2c03a7df1e0abe6bea53b415699685c1.jpeg	ZJL32
33c3b55d2b14a54575f43e122ec60632.jpeg	ZJL132
a03340676adae7ce2280894209d76cab.jpeg	ZJL73
8d964c992b4f0e68002b40c1227e7576.jpeg	ZJL138
1aacff11881fe7a46281f12ba57d5d9b.jpeg	ZJL186
71b99693a06b1066f4c5cf176ec1ce1e.jpeg	ZJL26
074c0733e9d312ae592e5b3df54fb30c.jpeg	ZJL133
2409f78a1c791288aeaf72e74a95539c.jpeg	ZJL90
9b6d41feb8ad7dde88c7598bb0c6fd4c.jpeg	ZJL150
6af6b8c9fb7bf16bd78dd755bfdc1736.jpeg	ZJL99
98bb94028f45c6cf6a431276027626f6.jpeg	ZJL105
62eb4698bfbca39ec0f3ff974111512f.jpeg	ZJL107
1a729295fa40abe36d3b36bf025d05c6.jpeg	ZJL168
21e015611b1d25ff336335f43e31055d.jpeg	ZJL100
6ec69a1948e7b02ece9db32b8cb51297.jpeg	ZJL55
269b54a0f61b6b84e67ad66de6774d58.jpeg	ZJL21
6be2eee925c1c4081be34e5667010eb2.jpeg	ZJL2
7c687e3fb8566b6e047c1459fb0722f4.jpeg	ZJL110
059bcf7494ab1a70d52ce61c2bc3c66d.jpeg	ZJL177
afd5f0c79776ca107b2ad4d3dd3d7c8a.jpeg	ZJL115
8dbc2c78a6d4a3e599b5fab23afcc369.jpeg	ZJL62
34fc0a69ccefe36f6930fff56b1a8f59.jpeg	ZJL31
e7646537edb236decb1e7592e13e2818.jpeg	ZJL101
73078e3adec07eae8bcad29e336c03c1.jpeg	ZJL115
6c77d744e80668aa520634dd6cdd4b2f.jpeg	ZJL117
5bbd7615b69514931a670f95d8935a12.jpeg	ZJL34
f2d4851a748d5784e1615c0a861c1f89.jpeg	ZJL54
57bf5f24008bde9b2ba338a90a380315.jpeg	ZJL49
bbee0d07c04808d255585f411dbebe89.jpeg	ZJL123
fce51360d4125d328a01149f825cc135.jpeg	ZJL163
df6d667c1edf02cc56394b6c4f28a585.jpeg	ZJL96
ccf7cc3c7676515de6c1d6558d91faa7.jpeg	ZJL170
b4ef703e19a5c596f873b79330cf4617.jpeg	ZJL67
cb162a5a4be08a16b50467556bc756fd.jpeg	ZJL9
07cd2d2a045c2fc2c5ab35a7d8a31a95.jpeg	ZJL11
caff1aa43d5f20d09c2e3ed7347aae63.jpeg	ZJL111
8f4b872fa30bb60736e1a597ab684720.jpeg	ZJL159
d6b21197a54e659604c015a023920526.jpeg	ZJL37
021224a0340ca8340f0bcae23e33cc1c.jpeg	ZJL22
98b2d9b3a414e613662505f2860980b1.jpeg	ZJL94
7c9a453bdca28f0ed276d5c0a2264980.jpeg	ZJL109
e11a1b02bf5c1dc3b031904b9ae0933a.jpeg	ZJL87
fe1c7b11090b8b090295f1444e3196a3.jpeg	ZJL110
26de34a7d5ab30d89c50016472f28856.jpeg	ZJL151
1d0d07c79aa40f1d9ecb17537d72b01b.jpeg	ZJL36
8a2a45ec70f71a1152df66eb0da4871d.jpeg	ZJL106
7d3189652cad198b541d02169300eef5.jpeg	ZJL182
3b2004df3ad2d295ed9478ee0c72f225.jpeg	ZJL132
c7e88f0347a71a7aeffffb0d95d60666.jpeg	ZJL160
b7645e2e5cf25f3138f28f7121fdb3a9.jpeg	ZJL159
66a8fc908099850319072d5f3831941c.jpeg	ZJL34
e1a3d3a2e53e14cb93cbbfc1528356d1.jpeg	ZJL63
f0b90b9dde8d0a06f091f77e5b86c628.jpeg	ZJL3
72d7c8da3bd19294744eca0b5f231ced.jpeg	ZJL116
8cf4450cb3d6ebd8867ddc359114bc5c.jpeg	ZJL99
315c748b2b3b44ff5b0df2dfd3a159e8.jpeg	ZJL149
117eec31a0b97b7ea50352513f148f46.jpeg	ZJL52
4889348a44bf86440ca435b64e49be92.jpeg	ZJL111
7beb1513ccf1055cc65243b184ca1f55.jpeg	ZJL110
a22bf38c148337a9cb46d9009ca1936a.jpeg	ZJL123
32a9ca7cbee7e5d9a5b6cb9faa101949.jpeg	ZJL171
bc003affcf5f8709e6dc2be718caf81e.jpeg	ZJL31
7cde20ee0cc4647d2021ca502f982b5f.jpeg	ZJL180
283be7fb0637c4d3e889eee74f7623f9.jpeg	ZJL90
14df6277943a5b14bd583035f833bf2e.jpeg	ZJL123
60837bb6d8652de55fe1f3d13fe6c2f2.jpeg	ZJL88
ff412a3b7529b92cdc0efc6c730e61c9.jpeg	ZJL123
7311297363fb59d404c51c477dd76f32.jpeg	ZJL162
168bf701d270b7017f75cadd03e6cba4.jpeg	ZJL100
3d6a1fde5b3cb159045325e8b548f06e.jpeg	ZJL158
362ed88ca5803793db4f46853c274a4b.jpeg	ZJL65
1829e00217391ea6dc26ae822d152552.jpeg	ZJL128
13693b54bffa615b70dbe522ca43dd99.jpeg	ZJL97
e5f0ae7ec081c79d90dd6f3e4b33a17d.jpeg	ZJL39
566b09a450e91dee6df183ed064ec144.jpeg	ZJL47
adef653ced579546c2ae2d8e28cc6ad3.jpeg	ZJL69
664ec6d0b20ca8d6cdcbf743c0e87bec.jpeg	ZJL95
ab7b5b5705a10af988a10b6a6f13b630.jpeg	ZJL75
6689957c7d2e2acba5e8966e17d1212f.jpeg	ZJL162
ffb4801980fdc03218ac1a6cfc3d6c6f.jpeg	ZJL138
bf11e8478c3b32a13f711f605cee5750.jpeg	ZJL49
e95dc447d0c1e93122fad210944b1a96.jpeg	ZJL172
6df9b5bb02958e672ccf4786cfe7cf90.jpeg	ZJL86
e0a75a602e1a981e0a4972beaed7b77c.jpeg	ZJL56
df552ef240f805d908bbc78edc458293.jpeg	ZJL160
4315bdd0a6a2ac26b09f2d4420e0e898.jpeg	ZJL34
956ee0ec75430f66a709b5034856c027.jpeg	ZJL116
3387eb46edc01aba3bda2f196a9ecd5c.jpeg	ZJL4
9e061320b5097d1f96bf744cd025ebc9.jpeg	ZJL30
c210491705d1260aa1f3c255356016a1.jpeg	ZJL185
67a2564c6d24a307370a80f9ba2bbc8b.jpeg	ZJL49
9d661a5e66d4d13d03454b71a7c21a01.jpeg	ZJL137
b2f7c85150a779e169c551b63c945fa1.jpeg	ZJL116
87c679066532f0405926f3ceb461f73d.jpeg	ZJL169
0de3b69ceb149cf73269f0ca855c6a25.jpeg	ZJL84
6075a8f7a7f62fbd4f694ee4261c9a2e.jpeg	ZJL122
47ef283c1a21c0ff1f42d7c370f45534.jpeg	ZJL118
30505f24c2aae593618864427f8aa2f1.jpeg	ZJL70
57da098cb61247c68c7ca7f57963f893.jpeg	ZJL73
364a20ef528f0788fdca406df0763155.jpeg	ZJL28
1ed05d81b2f522e5d922456adbe292ca.jpeg	ZJL187
eacb127b69dac4c2bdb4c938ee4fbaa5.jpeg	ZJL31
f33dfe98d26e78746b098b258f107e88.jpeg	ZJL161
74cc751ee9dfc7bdea5aadc32abf1abc.jpeg	ZJL156
d1c873b6616006b3103fa2ff36bccfe3.jpeg	ZJL137
7561aed5f36aed368a6cb1feff20630d.jpeg	ZJL186
a9f913e481355bce63cfde55c5370e82.jpeg	ZJL149
147d22a5a59cdf154602f124454b7930.jpeg	ZJL126
59e0a9e658e69aeb44ce660437331f55.jpeg	ZJL11
53f50321007bba8b2edd443a4900e0ef.jpeg	ZJL26
5c0dfc3ba1bad060082ec0a0b7ff878b.jpeg	ZJL165
a966aaab42263b4699d397dc5c605712.jpeg	ZJL195
32dd4e334ad74a692568071b8ba07b7b.jpeg	ZJL81
38afbf68cf3682517634ba8b47af6128.jpeg	ZJL77
e24deb45971bd0c2e06aad00ee3de832.jpeg	ZJL143
e8f20bbd0d97c9f83692c03cbff44c52.jpeg	ZJL188
8ce9d96ecfd8dd5b2b9ae0a3b71cc150.jpeg	ZJL143
aa56fdad08c99bdf16bb3fe84922fd81.jpeg	ZJL171
935cc9d8bcfc44f974aaf0af011533f5.jpeg	ZJL150
c3a69ea32f5a080af364f3b8635fde3f.jpeg	ZJL200
4fde4df53c624d5cd5b046cda6509adb.jpeg	ZJL49
50666d698163a34516ec497f56b8cba8.jpeg	ZJL163
ff97dfcc927798088c0e32a96554d3b8.jpeg	ZJL170
b538f61fb98867ec6d9358feec8e4b10.jpeg	ZJL77
d202746546c4bbe2d140e3bcad962779.jpeg	ZJL107
e534e221ef37fe4ff722a609c3419b0f.jpeg	ZJL94
93beac8d1a67a470e497e992b877d472.jpeg	ZJL44
84c4470c2fcbff547895def0146fc7fe.jpeg	ZJL196
a1cf51a17095157006fec58de8d1893c.jpeg	ZJL100
4a09c2804bc3aa830a35754cfc754a26.jpeg	ZJL108
120152b69795937ab5eee406a190c244.jpeg	ZJL182
c04f120d205a8fc07bf78fbefe1616f2.jpeg	ZJL39
83266561571c1056ed8ebd61f4d6d1c5.jpeg	ZJL124
a0313136bb09f8ec0bd5502a29e19301.jpeg	ZJL200
810a2712feef21a7d0b9bf4cdc6bf9c0.jpeg	ZJL197
ed95a0e451dbbe2d7a4e4fae4d0715ad.jpeg	ZJL143
79c67c1cb85e4792637bd35527aa1baa.jpeg	ZJL14
4e8a757526088e3e50932f233eef3e1e.jpeg	ZJL38
40a6269bbd99b4c290eb87748b1b3b77.jpeg	ZJL159
ec544e304fb7828d6ca138d0245a91e3.jpeg	ZJL79
ac5ca693d2f65fd98d810a7e3d40e726.jpeg	ZJL41
0d7c0c92b28bb8ce33284effdf942a9f.jpeg	ZJL109
4819bbc75544cc589895cb5a49122470.jpeg	ZJL51
721e1f582c0308fb2ad54d6a223a323b.jpeg	ZJL55
6d87e271bc30c41cce3fa10aff5b2856.jpeg	ZJL133
4bfec7d521ee48128d432aa0c54187e0.jpeg	ZJL42
eb549649e2ad0b17d63ee735f441fba9.jpeg	ZJL172
1a13fa56a0f79b4f3db902cb9c8a01ca.jpeg	ZJL82
ae322be9d4d66ddcff24f5067e05f9de.jpeg	ZJL76
5a8cccb7bd72556fc76cca77709c57a7.jpeg	ZJL36
3b6e82ad80b6179ce2ed54f9815a480b.jpeg	ZJL93
0d53aacee803d196a9a0b979b3cd4d18.jpeg	ZJL160
728c0e578d797ea0d6ebf8262ec72dac.jpeg	ZJL123
7d2d048804b73027c2fb0a3c3d63ae29.jpeg	ZJL173
696ce8a70d92f9193426585a2a2b58af.jpeg	ZJL75
d35932963b702cae5298dfcbd15af00d.jpeg	ZJL145
736d49843cf2b38d58aeb9f5fbbdde2f.jpeg	ZJL29
396d379608b1de7c98a4aaa5812075d8.jpeg	ZJL143
c46b462d670701ba5caf754e2358ea34.jpeg	ZJL106
8addaf8f9e42c24ae6658f6961dc2de0.jpeg	ZJL106
9bbec28d2d71327884f263d0a9db7def.jpeg	ZJL198
1ac8e1ff0d93d15ea2b9f45ac5c3bbbb.jpeg	ZJL60
def01d4707542d7737ce44abe9a0a018.jpeg	ZJL19
a0eff5fd8a1069305c4987edf95d381b.jpeg	ZJL62
cf8c5d642bfc74a536d7239de9212be5.jpeg	ZJL94
25eb3ad3a1590480d2fc4542485167b0.jpeg	ZJL41
70c45270e37c0869505fa76100b8c7ca.jpeg	ZJL176
52fa89ad72910e6340886226ca96b3fd.jpeg	ZJL192
4737b01249171a469e92eac389e5810c.jpeg	ZJL170
198d53cc8a172b69eb6b212d8cd77f11.jpeg	ZJL41
8467cb064e4f36c4629244fbbccd1b07.jpeg	ZJL60
fd30e87c83a5f2e48cd288110e8622a1.jpeg	ZJL62
0878c3454dc415ee40891408570d0479.jpeg	ZJL142
c8f6acb155d68207737cad28bb6663ba.jpeg	ZJL166
0464a9c2306a54baf0e6a8ecf3c4aee8.jpeg	ZJL106
c738dd04a3e72bb544ab1d82b3964c69.jpeg	ZJL15
a9f1cc40952cd38bcb6be4e3c40acb00.jpeg	ZJL144
a5d44297417fa74d3dde81f4cc4533b6.jpeg	ZJL66
bcd5dbd4ab29e4ce6f16454543eeb03c.jpeg	ZJL116
d76b6d4da2ef68ae7d3677ec6a88d958.jpeg	ZJL199
8dcddbebfa5ed46249573cdd4202bba1.jpeg	ZJL153
93f4a0a8f9f722dd440f58e0073f25df.jpeg	ZJL66
0454223bb51073dfdba10ddc2552ab9e.jpeg	ZJL62
3089d49b303cd72c25370c2b8a369d4c.jpeg	ZJL67
2511bac9471db9280ef1a00861302fd8.jpeg	ZJL145
c4ee57d98a330be0761154727d513ebe.jpeg	ZJL116
a6d88d2ac544e3ae1f5cc257b1a43580.jpeg	ZJL117
6f2fe42d42216b95aa3e468acb748bea.jpeg	ZJL191
3cdf9e0e9085777a4a1c9f9153e658ac.jpeg	ZJL199
5356a01d40e4e6666d28eff83103e223.jpeg	ZJL52
4d2bb9451ef95a3158fbd5c2a5c6167e.jpeg	ZJL111
689d0a861a1f7a069b12392a8c7f4cfd.jpeg	ZJL117
1fc52acc827f6a97ac102f0246dd5891.jpeg	ZJL190
7e52b44603f49d621c916f1af6388a99.jpeg	ZJL172
cdaf234fd409a0ea30e91062c7ee54e4.jpeg	ZJL187
4f062ef7bd4f4ea97729321f74a1b1cf.jpeg	ZJL199
df7c81c405e5c06271bfe680158d1817.jpeg	ZJL165
82e73c97d60b06bd7e5d6dd2189b4cb7.jpeg	ZJL159
8c656c3ed673a558320eb487b1691fc5.jpeg	ZJL199
0057a5ae80f9d70cbd43944914acddb6.jpeg	ZJL159
f2b52904015455fe2d95550ca48e827b.jpeg	ZJL6
4b0854d823e06f86dcc939812a011a47.jpeg	ZJL194
d1581f38b0ddf96f9056b80f75f715eb.jpeg	ZJL54
8c995fca21f9406b68b9eaf5597e4381.jpeg	ZJL19
faf527bacbd063391c4a8ea61642abd1.jpeg	ZJL109
5e78033150f36f786964791f1a658295.jpeg	ZJL57
47d4e83cbe5151b7413bc0e585fbfe4c.jpeg	ZJL142
3310a31be8212a06d33027d9ecd3dbac.jpeg	ZJL43
a54f12b32373deaa8f0d100cad7b2256.jpeg	ZJL18
3c9604410f1bb28f5b5ca986b541f1f3.jpeg	ZJL90
0020b06440a7f2b72bdbf50ca07f0cbc.jpeg	ZJL77
25d9ff93045263a93f763591c76ba139.jpeg	ZJL16
e6718652386af2378a096a4a7a95fc94.jpeg	ZJL185
83c9835719ac7f76d71abb8f1de0d8eb.jpeg	ZJL7
2e18ad285bff5a7047553b0ae718d741.jpeg	ZJL160
a344ad1696cc854a1409b24625067b49.jpeg	ZJL12
ee0b59952990e59366a0fac0c81ea90f.jpeg	ZJL60
c10be53891227c41257b88d2159ce604.jpeg	ZJL124
9fdcc9dd9ddef7a3947de8ec7b866ecf.jpeg	ZJL7
68c3c41a797dc23e444757401b0309b0.jpeg	ZJL130
717b54fee2322b7dd453f9c60221dd22.jpeg	ZJL110
c881117666aaa28d69ae108b669cc320.jpeg	ZJL77
80ffa1539728a054744705de88ee345b.jpeg	ZJL104
28f32f10cd69644d5985a2eae41b535d.jpeg	ZJL4
67757314a731574887085447f919102a.jpeg	ZJL47
1de3d4a5538a6512406262d22a4181ec.jpeg	ZJL59
fb499f9166bf1c9200ddcededa207a57.jpeg	ZJL63
389a54bb671b458bceff2176fdc23af2.jpeg	ZJL123
e1bd00e2d935999b756695a17677cbc6.jpeg	ZJL122
9db06e00ec4bcba71f7ca13ccc5c89ae.jpeg	ZJL60
18d7be1e082603e02f33606894e6e50b.jpeg	ZJL172
d6e0146cc7f547e8b1d4e6343b3a2d4f.jpeg	ZJL172
0a395eab815613033b3f424991fa8f81.jpeg	ZJL18
f6ab8b592c05cdd0d5d2467f5239a705.jpeg	ZJL144
4505eea0af3924af2bc840082373d336.jpeg	ZJL29
bab509a13a07bdc764cc1347050669e4.jpeg	ZJL34
2d3bdf13ab652e6f75b410b715d60056.jpeg	ZJL57
e63ea6e6595fc3358788a8ecf316ce2a.jpeg	ZJL135
74330675742650c5c1271fc1d62c6920.jpeg	ZJL197
5b9ad596174e18d34e579fadeb5d44e1.jpeg	ZJL60
af7b42ae2e6e70c6617e7398baa36512.jpeg	ZJL129
c06e920b217e6ee28bfe59bee269fe7d.jpeg	ZJL65
c676849053df2f4470c0226ed3fdb796.jpeg	ZJL53
7d81ead3aeefe8b9db97500a7d9e5c34.jpeg	ZJL195
2f2345d36ae6542b50740dd56db2930c.jpeg	ZJL51
a431c7864993093f44abb63ea4da53d3.jpeg	ZJL171
9ff3de4a81c46d0e95842586bfa81583.jpeg	ZJL109
53a433468db47b4167356e597226b461.jpeg	ZJL160
20aa8b04186a5e4d99ab882c72062394.jpeg	ZJL109
4fef44136eb924d290412de1e8c7c95c.jpeg	ZJL42
c6de0e29e25cb9fd1a0afab1cfe7cd21.jpeg	ZJL120
6bbf4f74b758783607859a3163cb7d88.jpeg	ZJL145
65ac419bc51bda7d5756f5949ee5a322.jpeg	ZJL184
48685bce3b8210467c585d2d9f944758.jpeg	ZJL194
75c84904165962e30991da24c3010fc3.jpeg	ZJL117
6bc6d8d06063ff02dc5d909aabd4c450.jpeg	ZJL4
e5d81fd901fdb3e2ee507c69a28a718e.jpeg	ZJL53
d4380d4cebdb9203ddfb066081951640.jpeg	ZJL97
fd17f150145915084c62cc0a9f4cd203.jpeg	ZJL40
88d8f7a69d240534bc96f8fffeeeaf7a.jpeg	ZJL103
9ac592b92a35638aa2765cb3b66aa0cd.jpeg	ZJL113
5d2d90b8c505b9c4e0bb915837ff6cfb.jpeg	ZJL101
9000265da1c6c484b19c741bf9a65858.jpeg	ZJL124
c5ef57a2419990f9dae60437021ac6de.jpeg	ZJL171
c627ca8cb175ea03591b54e20d44bda2.jpeg	ZJL121
afe0f8ce2eeb95a68f3d0ffaade5bfa8.jpeg	ZJL175
66b78de9c16833bdacdd5e57ef4d69c7.jpeg	ZJL192
2feda9268d698b58c5a50da474e3c8d2.jpeg	ZJL198
3a940e95a06e2ff7791ffc1c17577026.jpeg	ZJL76
fbe8ad9e6e1628a8afe2000cfef1ba09.jpeg	ZJL147
216c90b2535a91abb3388bb9e32cd78f.jpeg	ZJL194
3282f4ed1853283e342cdf49bb4d658a.jpeg	ZJL162
533f75040f7bb89dafc6de06222bbef5.jpeg	ZJL30
95ea27786018e8b2afac13f18852f859.jpeg	ZJL30
3bf92697d292820da86614c910678ae0.jpeg	ZJL6
6b4fc8aedad8c41a2d77aba0d79a0019.jpeg	ZJL176
168d87ffe80b7388d3d0aeccca00d6e9.jpeg	ZJL115
355a074900adf5fd01662a9a398ab721.jpeg	ZJL56
e6d0163f9d4f2095692b002b4fce2a0a.jpeg	ZJL118
c4be317a2ae09bcec511307bb86d3953.jpeg	ZJL133
06b7914ef3e06b84602ba86f7d6ccaaf.jpeg	ZJL65
1806be5360e451ce33c76d262e200676.jpeg	ZJL56
7529773461b15901b5e3772f6c82ebeb.jpeg	ZJL138
cb77d5a6fc0fbf41ff95c866375ab794.jpeg	ZJL3
95090537f4907c70a8a1f3a56e12b73e.jpeg	ZJL107
9c8f092b8cc601f07cb1f4dc2cd251ff.jpeg	ZJL83
7b770ceecb803fd0d63a1df1f0e4a47a.jpeg	ZJL183
8aa754f4790ca4e17371fa3ee347a965.jpeg	ZJL76
45b2acd70a4807fcb2007b5d0227118d.jpeg	ZJL179
34601b6687c3f12c2aa9bf86109df5ac.jpeg	ZJL15
df5b9914c774521c50396465c0b387fe.jpeg	ZJL23
fd73ac345570682aa4b60ff57e1c6d1d.jpeg	ZJL116
98f368b466bfe81cee26831197e17e28.jpeg	ZJL192
8fbf6a8287f7277ca43b1d532f78a142.jpeg	ZJL145
8c2c9ffd2504f97a11bf02818c996001.jpeg	ZJL103
3f48e293131090cecd3da8efbd24e862.jpeg	ZJL32
8448ec9214be6f7ac9907a1e80010de0.jpeg	ZJL68
0b285d8d455ff8619639d297738fda9b.jpeg	ZJL5
400ec9e30512ec3813e587d40e8234d8.jpeg	ZJL43
e8868c29c16d654ce0113fae18a0627d.jpeg	ZJL80
dbb681dd0bc6d3bc480e81a3c2aae4aa.jpeg	ZJL145
05338f1549c3e4e5fc1c76aef6a3d013.jpeg	ZJL84
d983a35c059755a9894154d7653ff81c.jpeg	ZJL9
d2c032afb7b602085434ecf81f38241b.jpeg	ZJL191
48881e63790452c5e69a2e19a7dca4f6.jpeg	ZJL35
d48d9e4d67713819cc17c1ee5d65c86f.jpeg	ZJL67
0415be1ba992591a840cf4ec9f6aefb9.jpeg	ZJL159
d153339b06b8e7a8290dfd4f224484f8.jpeg	ZJL87
921a338e0b949b459613ecce8e154188.jpeg	ZJL175
7fdc0d349bbb3ba648c7f48de084e18b.jpeg	ZJL141
3e7dc8096e824dbe8af9445fa610ed36.jpeg	ZJL48
05d9aa8bdc704baf403c70da8e7eedee.jpeg	ZJL38
1c02d0b3badb3ea649868c408c8fd0cd.jpeg	ZJL153
e8fb25634fbc1f7a375508fe7faf5aff.jpeg	ZJL26
5b2db87a2cf9d9eca5c6b64cd3f0e45d.jpeg	ZJL82
bb4802a3a02a67e97fbff4e70b60c2ba.jpeg	ZJL117
a76b82a974ca282089b98ae4890cc4ef.jpeg	ZJL21
4a72b35517d142dbcf1507f0570d09a0.jpeg	ZJL15
ad7b3b4abeaa66124f124f854859b720.jpeg	ZJL52
074a460b0fd4a1a3c3117f070e1dbe86.jpeg	ZJL187
86e7bb5f93a296c630dc4ba728374cfc.jpeg	ZJL128
71cc185b3e9cfdab08dd208741db01f9.jpeg	ZJL193
a61022ce2601c5c255d58d8eea7c3c14.jpeg	ZJL199
6a7e2edfc68468da7eb858b4c2387595.jpeg	ZJL190
91398d716a47f568ba07c962d7e9e18d.jpeg	ZJL182
99fac38a8d887579d5c069dc9d8098a9.jpeg	ZJL58
4c30b9cbfbf4c7a404a15cf3464fcf8d.jpeg	ZJL47
8682c77f6e2f6e08fe7a70dca77667cb.jpeg	ZJL159
caa935288397a4cc478250fbb20f0c4b.jpeg	ZJL138
9c959d055aa19c0588b53ad1da21aaef.jpeg	ZJL50
05187e3cf7a028aede86a4b24cbfb80d.jpeg	ZJL125
07fe9a183799e5031206f6bacda9ed66.jpeg	ZJL64
e26d75cdbd8b38f4f6fc15dc32e406a3.jpeg	ZJL108
ede609ba57a35248a8db67ac5461f719.jpeg	ZJL103
45aab152bc746ae16874cb3f5b6d585c.jpeg	ZJL157
8db03b4caa46b0c8b6d1475fdbb2068a.jpeg	ZJL129
7697f34edc3e5841396d92675d2ecb42.jpeg	ZJL35
6213de8a56e18bc54abe42acbb799854.jpeg	ZJL91
57aaaadf37f4a60668452c0d61f82ff6.jpeg	ZJL113
a8609c1be2ff761dd4e353e2b20eadcf.jpeg	ZJL179
febf39c9eb9de3dc985bb1bc45c790c0.jpeg	ZJL52
231664934a075e02588377bbcc03a46d.jpeg	ZJL25
0f5ded69fd4e29498ef615c958d41af3.jpeg	ZJL185
f7f217b3208fa9ed79aa34656ed87e01.jpeg	ZJL126
948bfce1b92be42f4ea432d99dba24bc.jpeg	ZJL83
27fd8447d814faca5f22abc5ee97d035.jpeg	ZJL60
9f9f8170fad29e4da818fc6ae3b7b66a.jpeg	ZJL98
c1aca169a5490e449487fbb68faa09e5.jpeg	ZJL135
9595948a9b31c612e8d5f6295a7c724f.jpeg	ZJL22
150fbe80babfe6a999b6d46413fb3534.jpeg	ZJL80
6cabd2daac8e6a4d2bd844347206ceae.jpeg	ZJL8
784603571107ed7e8f0a760cdbfc1a47.jpeg	ZJL2
b9c993e727a2629c89ee2250332bf0ba.jpeg	ZJL28
d82be5a8ca189daeb61a129fea7953ef.jpeg	ZJL50
3b88bcaf31705a095e435267b469bd5a.jpeg	ZJL25
790be5b0b027375324db2b0843193c06.jpeg	ZJL191
6ba90d9e9bd5057ee5c894a90cd23c77.jpeg	ZJL169
b437f7430a5f5cc58b4c586e04a5d725.jpeg	ZJL98
588f9375a1687c5c050cfd89c01af718.jpeg	ZJL194
a328fb93b1c2c631f96894868a9bce09.jpeg	ZJL190
76428f662ef05909c3cef91b91d2a62d.jpeg	ZJL198
61f4e45f2604fedd706481655e048491.jpeg	ZJL162
ca29f85e5d3004a811b3f94f81c09f0f.jpeg	ZJL160
39b3371ee90c6f3859d244689a7e6f7d.jpeg	ZJL188
c56f7da3d79f4e8d90a4ac0ba37f51ef.jpeg	ZJL130
c2a922d0bd033271511661638c755480.jpeg	ZJL92
aa3349383c1a1bc128461dfec4208007.jpeg	ZJL128
fa1391acaaeb2c5f3e5c1ac5690c0010.jpeg	ZJL144
38eda8c906ce9aa4429b42c578d342d3.jpeg	ZJL164
2b9cffd03b78eec0a9b3c8b5b057ff9b.jpeg	ZJL191
8668b6189e23da8f2b245a883ce24853.jpeg	ZJL4
4b3ca24ce551d16808f268d959334c9d.jpeg	ZJL46
6b453e247b2244feb4d4926fa4b44e21.jpeg	ZJL154
61cbb69b49e1bddbf76a1b16c80165dc.jpeg	ZJL186
25a422ab5c38f631582f48d782fe36ba.jpeg	ZJL160
26baa38d368034838eb891fe731051fe.jpeg	ZJL191
fb37ff64c5d2cfcae53689f6a72f0f17.jpeg	ZJL128
0cec5a6d3107bbf478ad52e6dd04e5d4.jpeg	ZJL171
416f404a05091c38a8b25a28bdeb6082.jpeg	ZJL161
2db7426f878645ce7e7bb581afa214b4.jpeg	ZJL79
2127a8449815a38f137a05ea2818c9ae.jpeg	ZJL146
6edf8e2d81bab0af43616e461c20bb76.jpeg	ZJL91
6db0777752a97d94e015cb427201f6c0.jpeg	ZJL106
54d9f3e8745c36e93e7599961ce20680.jpeg	ZJL182
ea46a7577b0968f550c6ce8c343e90f0.jpeg	ZJL119
b190749b76ad5e646ae1b72f0ca0e523.jpeg	ZJL42
b536539661b86b4cac0a7190823e4c4e.jpeg	ZJL97
010fde73b4e87891052cb898fdc20922.jpeg	ZJL135
b4f6cc42bf5db63fc23ef82cc9295d89.jpeg	ZJL65
aa873add8bc3308daa0716d4718ebb89.jpeg	ZJL190
ef15334358c84eab129d93b85d7268de.jpeg	ZJL194
cbdba498e2438fb013b317f96167a848.jpeg	ZJL63
b87910b645333e9e1ee2edf25b708a18.jpeg	ZJL36
1991e1669300b6a4ded11243729cdd46.jpeg	ZJL4
ed0f9093c2f5b67d21ff63c969d1a2ad.jpeg	ZJL79
81689d473f85a54ef9bbf286c2f33f94.jpeg	ZJL67
8da648899db716062caa9c15a5c1ecc1.jpeg	ZJL38
f8c27ebdda9ca8a0c740c6b8783c2982.jpeg	ZJL96
e44cb1b880416b1176ea686ad2b1a9d6.jpeg	ZJL100
4567dfcf80ef506ae5a0829f62b291b6.jpeg	ZJL39
78c40ebbc23f06c79ab6cbf0a5386fb1.jpeg	ZJL174
420a08f9682b216dfdccf9589a5155af.jpeg	ZJL158
a4d4d7c0c4515d6705b22c90646bacb7.jpeg	ZJL90
d4be7aa8cdccc3cf8abcc5e5c30ea548.jpeg	ZJL137
fa686bff2df65c3b96d21d753cf0103b.jpeg	ZJL121
01c395e2529f492f8c40e35c56edc97a.jpeg	ZJL81
bc56e469a792cc2960dc13b07553d94c.jpeg	ZJL72
0228e2522642c0586f876ebe91686374.jpeg	ZJL95
256b2adfba120210c4fea1573137771b.jpeg	ZJL175
b0ec455a7d7b9fded0cf933f386afbe6.jpeg	ZJL81
e9152326010e6578b87a41df965ce24b.jpeg	ZJL45
a3041f41f9968228e4e520031cd06943.jpeg	ZJL41
4ccb4fe699709fd4b15d343220af0824.jpeg	ZJL178
d5f8cf93acb6b5b079238648d7af63e9.jpeg	ZJL198
3c0842e0d3128422331c15282d3e0e77.jpeg	ZJL167
c2c34e203631b832423b65ef2260e86a.jpeg	ZJL31
1ccbd4a20364ed6d4c069ea48d689ac0.jpeg	ZJL76
f9248670a61d4d3471dd0b32ede32cd8.jpeg	ZJL41
2a9dc21d3be16a97c584f8ad4a7fc7ad.jpeg	ZJL109
dee9e57134394a9ce199bfd7a58745bb.jpeg	ZJL170
0630774921efa96cd296b7a463721506.jpeg	ZJL179
726b0898969bfd6cf6c60512e0511ea2.jpeg	ZJL115
d7ef44a7c0d2dc3561634d0ac6ebf34e.jpeg	ZJL158
8280331b548a8df13bc213dac5870a96.jpeg	ZJL147
392e7e28e9396366d9fb9c655ad66812.jpeg	ZJL104
a2d5c90c8c83b2394cc1062a207e8d85.jpeg	ZJL191
20a26151f9b9953bafb3137a76e463fe.jpeg	ZJL62
c534bbcc0eb9c9fca89e2890e5664394.jpeg	ZJL167
6750287aad4e58d41bdb001c68dffdeb.jpeg	ZJL31
521616a85e3c456e8b15048c567d7f67.jpeg	ZJL196
ee13b9f2eca061599b6f31411a606dbf.jpeg	ZJL73
a2ee2a74c8421ab2d2f66a818c91d31a.jpeg	ZJL156
4b659cf0d6406f180c84a1372d41ff2c.jpeg	ZJL53
933a0f57110f0fca55affc283e4692d2.jpeg	ZJL200
9ec692ab8425cd91389a2202b7db7dee.jpeg	ZJL156
06272dd847a5503dd7cf42c2a42a9be9.jpeg	ZJL158
3cb06429a39d2f6551a51d34fa253b99.jpeg	ZJL102
615524651384a5e69e3b597ace9767f8.jpeg	ZJL143
9975dca2a60f837c2819050c0b5a73ac.jpeg	ZJL55
8145fceb48d015b33fc5787ac71bc849.jpeg	ZJL98
3c6a97c86c34a21a8b0a137ad88c3512.jpeg	ZJL87
0c7cb368e2803259c8444473feeafc9a.jpeg	ZJL152
ab52483e38e9b126a161594bff7acd79.jpeg	ZJL197
df9e7b286ad23d3dc9a2580d365a7e91.jpeg	ZJL42
c1c8e7d485d2f688abb44919dd499d21.jpeg	ZJL55
a0ab3b55470d1e9411a791c77ace8952.jpeg	ZJL132
313fd64e9f7b28515dbf32f350a1fa09.jpeg	ZJL124
42145aec08b514b444080966de8b783f.jpeg	ZJL93
d3c3dda217df849f86a25a6dc439bca1.jpeg	ZJL159
1aa85e0237470343138e7a56cbd92348.jpeg	ZJL73
9adc1e590b525d5d84ecac2225a183a0.jpeg	ZJL158
7f860b5dc5f76e295ac26d846007709c.jpeg	ZJL2
35f4de74bff3155ab1b48a4ea3dbca7a.jpeg	ZJL71
6154e2f704e4ba8c627d4c19c8a676e8.jpeg	ZJL170
cd6b8ac18e527960c943587939ac7260.jpeg	ZJL54
5a8fc4add20dc4c2086adec0b01ce458.jpeg	ZJL180
3abbc47754187b824df48a0d52419bca.jpeg	ZJL171
06d1895112fa5ae75e9c009ad0b74ac2.jpeg	ZJL188
e9d973aeb14a9f802d6fa177edc2af45.jpeg	ZJL141
eed89ade31e7ac388681af7f58101146.jpeg	ZJL98
e597837618bb8ce8dd342cdd3716c374.jpeg	ZJL39
c84fa00ec8680cc0c6ca41a6de1a6aa0.jpeg	ZJL125
0fd73367c06b419c06e8ae3cf4892d87.jpeg	ZJL70
50685292fbe1465ab948d6b97130f491.jpeg	ZJL131
9690b5e36db060dd4b5ddf35c2adf153.jpeg	ZJL178
d2c085232817920a4880f4c769ae4683.jpeg	ZJL171
b6cb3ac4e575588048ec446a32b75730.jpeg	ZJL163
6911dab45525b4df2deeea9e3955501d.jpeg	ZJL99
6ce340ece2f372da3a2794dbc36a58f6.jpeg	ZJL197
319d2ba69ba75ebc682488642fa10f90.jpeg	ZJL189
dcb2e95d6d7d08d1d1eace5070788e21.jpeg	ZJL107
80b3c2d2af871fdf601efdf6a09fa6a7.jpeg	ZJL106
2e473d3c12a7d8e1b91dc30986651511.jpeg	ZJL184
1cf5615b220fa0dd83a90a694ca1dd62.jpeg	ZJL15
e9e734df0a1f9c481e4e5f780fc6839a.jpeg	ZJL121
37861788aa41297cb62fc41ae1f821a2.jpeg	ZJL183
bbea5ed61ce38f1a2ce728100b4293c7.jpeg	ZJL121
a42fb4456e64dd096a631e991c622890.jpeg	ZJL199
28eec11b5597c6e9b95ff94a1e1a94bb.jpeg	ZJL157
e3f29d00719d02648f070a211e32f07f.jpeg	ZJL164
e8a487bcfd0f37ea67d4efef145f5df0.jpeg	ZJL117
0063cb53d4e086bba7859f0f970a10a1.jpeg	ZJL169
eb14e9610a58feee09f85cff1f16f175.jpeg	ZJL200
245a1ed7f02cb5897ec7692a374ae1b2.jpeg	ZJL194
5b755a8cd5085a99b11fe8d6757ecd56.jpeg	ZJL128
64362b2c7001979983a5202d5aff08d2.jpeg	ZJL40
b2ad90a37275cbfe82b7d4f3dbc7b744.jpeg	ZJL105
f238b9ec573289ad26ba8c3b383dcc66.jpeg	ZJL2
14cf91b7306eeaa0d2691b99a37b3117.jpeg	ZJL106
0c774d1891759592354fa9cde52641a0.jpeg	ZJL9
a92076a483223800dd3d464849bef219.jpeg	ZJL107
9d6ff55f26da39cba0e84e59ba3c5317.jpeg	ZJL90
1bf8da3de02887910dc259af3d2d5d9e.jpeg	ZJL47
fd59c1f3588a27a54a210da8068636cf.jpeg	ZJL76
4eceaa6e26eb9a215c3e70b86349ee20.jpeg	ZJL147
992b3aafbb3e410e5d131c8e1bdaa46a.jpeg	ZJL200
717cae0d7ebb58911c3c9be724982ed3.jpeg	ZJL56
0eee1906f92d41f1ff73eba2d45c6524.jpeg	ZJL171
33f6d2c781c67d0a44c67882d2601708.jpeg	ZJL110
f70fd1fb5be661333cd8086252b8c625.jpeg	ZJL185
235ebbc7bf7fee630a713eea553caea3.jpeg	ZJL18
31463010865e8c2509534340ae986442.jpeg	ZJL195
f9c30ed5ba4781d00adb315b19670bf1.jpeg	ZJL173
3f4e7057311beefb4c8e5c23dbc2507c.jpeg	ZJL150
1d837b0c5df2cf667344eaaf7c3948ee.jpeg	ZJL141
afef978cabfadf6998f8bb9a850f48b4.jpeg	ZJL75
59d44b42db2f799fc559312be56a4dc7.jpeg	ZJL169
7bab551e118eb2fe6703e15be88ffdb6.jpeg	ZJL66
45f9d8fc768be535f2a70c93cd3e40a4.jpeg	ZJL6
2e67bc5999451182a27f147898fb3fc9.jpeg	ZJL2
941ff744359ddad2ca5b2c7b3b936ed5.jpeg	ZJL153
c0e4c322232c14e736d8347aa2614870.jpeg	ZJL29
8a6cd78f8af468e48b34d9d026a0779b.jpeg	ZJL166
1bc863e9a517c872eda3c3107efe2c26.jpeg	ZJL143
01ddb3ef0cf1dd54e79cffca5e6c0ced.jpeg	ZJL127
b2953b3c9469f1ed2896992b4133a5d1.jpeg	ZJL154
07fa3abe86ebba17966ea5f9f9064495.jpeg	ZJL57
215d63d923eef1082d0dc805c9a2ce28.jpeg	ZJL58
7b151dcb8d58c834f43c9f199b7ac547.jpeg	ZJL135
8807c8c786a1b40e7d36158de174d882.jpeg	ZJL153
afc8a61f7d355fda6bb63072161eb341.jpeg	ZJL191
295061414c65326eb9a1aacfb9559f4f.jpeg	ZJL59
0f0a70222f07abe036454464107ff37f.jpeg	ZJL23
f1372a505c44c331e3da082ea03f9c81.jpeg	ZJL179
6ee8d89558dce6295232c2ac0605ebfa.jpeg	ZJL171
0b15852e78cbe34f936c600c4d6238ba.jpeg	ZJL35
e37a1d965629c4350a3569d08f5b6741.jpeg	ZJL18
18bc5f0d8b19f22e4de30c7e329777ef.jpeg	ZJL53
eb8be76b3e8534f5056dd23d3d95968d.jpeg	ZJL79
6b1a1bfb6d705284fb209c0f75870441.jpeg	ZJL45
2f1e7ea82cf22b479b0de4bf3115669a.jpeg	ZJL166
7cb5752c495079816fa507edebbc52fe.jpeg	ZJL142
86a3d60656713e8964ee9c56870c97e8.jpeg	ZJL88
d0b678d0a1a9620bd9963dd58159706c.jpeg	ZJL183
17fd5271c31a596f7e174453b3155b86.jpeg	ZJL121
cd465a4d7d9f3cf4afd9dbe5f9a81617.jpeg	ZJL29
f74f624988682ade5deb06edd4fcfbc6.jpeg	ZJL108
60be39e2a7ec8a8cf3b8d90ff1474381.jpeg	ZJL75
b026f949977244b775c47a9034cc63f6.jpeg	ZJL196
fee52ec5ee033dcee76cd14aa9d97eb1.jpeg	ZJL64
744a865ecc61dd213afaab09639df900.jpeg	ZJL69
8ca152cef0731bb9d140b5e28029f752.jpeg	ZJL143
360107e961b5511783af22e6cbba990d.jpeg	ZJL186
822a74f07df2606042fe3ac8d59901be.jpeg	ZJL65
cdc79c7def12a5395bc2d8d6aff7a39c.jpeg	ZJL8
206d7852fdc3318006e9adb9922575d2.jpeg	ZJL173
a58b7f0b857d87a46ee1810961a04ad8.jpeg	ZJL105
21c872e7795a9c8a79001b70f716ba26.jpeg	ZJL5
a327f87de7f714df4879452dc7239a78.jpeg	ZJL142
43efd5d8512fb37e7ac95cea99cb929e.jpeg	ZJL92
9c5f324689aea0acaca73df741c8e0fd.jpeg	ZJL192
5a258dd56d523ec57e9e3c5a54742c35.jpeg	ZJL8
611ecd488b48809bfbfc4e708be0dfba.jpeg	ZJL38
86130ef390d2d15765444b153dcab367.jpeg	ZJL87
1f7a11d179a5a8d943f54d31f212bcc3.jpeg	ZJL45
a2ab81d2c30b421bb2ae2a69a269ba31.jpeg	ZJL129
5a70be5878a23b511035722eac490f7f.jpeg	ZJL66
7d2a31f678701ac80c0b008f541be4dd.jpeg	ZJL198
6f0f10d66ccf84471006f96f5d83109b.jpeg	ZJL57
54cb15d79d2ff9b8faa1c5bf7fd2d0a1.jpeg	ZJL60
43ddd7467254721f91f60667924e4935.jpeg	ZJL80
2dec7c581085aec9f92273159f0b0ead.jpeg	ZJL127
f3f71441838f8169c4cb04cf832f78b8.jpeg	ZJL37
294a81f8d37602d0e6eee7eeab6395b7.jpeg	ZJL198
911f68ad47ab491c501c0a407cd579a7.jpeg	ZJL163
b6d564fc3d4c639c64d7cf3d00248837.jpeg	ZJL191
3a4b15d08f7e3c2b82662cdae1ccab0c.jpeg	ZJL59
6474f9607f855b27b0e95d0df304f140.jpeg	ZJL127
85f8bdb4b83bd2533c288caf0f1b0cff.jpeg	ZJL175
13bd0ead64e878282508fcae0d5ece76.jpeg	ZJL62
942f468c5070991e84567308ead99e11.jpeg	ZJL178
f7bde1c8dfa1f52d965f1ebf31cc7ae4.jpeg	ZJL9
05d9eec1dd28cc659969f8a76b888981.jpeg	ZJL193
9247ffdcf8525d00427abf1d4aa5b1d4.jpeg	ZJL100
cfdf9998085bb57e005dc028bfccd45c.jpeg	ZJL3
610970bcd315761a2364449b973ff471.jpeg	ZJL106
e0f8a98fcee268588948175bcbfcee01.jpeg	ZJL9
d6be9e53b55ffad3c2f8dd807a6f1e64.jpeg	ZJL107
4abb0bebabcefa4ae37c453c1b4ba2a9.jpeg	ZJL6
d4cb6e56a0dfee4fa0f6472bbde77ce2.jpeg	ZJL160
cba2dfb6b96d025f0186de19eea036d8.jpeg	ZJL117
9430e89465e407e5cddfad4b982b6fdc.jpeg	ZJL52
9ca64a363062c5e7d92f848ebe31b372.jpeg	ZJL147
52198b337d283ade488a1fd4605cb581.jpeg	ZJL162
d42035d5d3835de106ab19c3b52a5494.jpeg	ZJL175
1f3bfdd46dfd83ca4e1a0da69ef9b82f.jpeg	ZJL52
f86bab56a27342968adea7e4a3d57674.jpeg	ZJL172
944b73659467297144c3bfc17ae262b5.jpeg	ZJL12
59c18ca5d348e78d8d0e5c2ffe769466.jpeg	ZJL76
b39ed046c750ef4d00688f431d7ea550.jpeg	ZJL140
ca272c76aa6d412261fbd09929d8868c.jpeg	ZJL197
c723f570be5bd09b8f4ad061f125121f.jpeg	ZJL189
ce18cefa39a3495ff8ed2a577327f5db.jpeg	ZJL43
aa940554e2ed6eb96c17731170533e61.jpeg	ZJL3
bdd9d9e33006a369669b26b3d820bc26.jpeg	ZJL69
38b213a9ea16d25e44f252c56cec0e22.jpeg	ZJL190
41479db6605c7fcec9d164c746863f91.jpeg	ZJL59
a65a83059d203b7323320f5b79477581.jpeg	ZJL151
9cb2aa22fb27a5d65d5b2d425847ee53.jpeg	ZJL81
b99fd68bcb3e425629f0b22884faf3c1.jpeg	ZJL158
52a3459ec743b76dba5200446919423e.jpeg	ZJL92
42715d9b208a83ca148596039eec4d1a.jpeg	ZJL36
309e7df7872f05dee7370f43b5b9658c.jpeg	ZJL181
380fb5d194dfe90248ce83d67fd6e029.jpeg	ZJL199
6fdbc24a54ef3caf47569198906131cf.jpeg	ZJL38
780f99d75e43f4f4ff396fbeac044dbb.jpeg	ZJL164
91b53d776655285634ee070900413292.jpeg	ZJL24
cab948af5044e300eb104f9a40a69bff.jpeg	ZJL10
08f737c34653435a02b91cdd8fc21eb1.jpeg	ZJL182
27c1bd4c15adde8bc01c8974e3c055d6.jpeg	ZJL160
00d0785ecbfe2b6bb769254e6556891f.jpeg	ZJL71
66aed52659d25781bc09d59ce2afb755.jpeg	ZJL55
0b61be5a175d744e4ea2a2a2ba930ae8.jpeg	ZJL24
e4fd8bf0cdd35df5b8469b7d1b1d0bd2.jpeg	ZJL63
35adf1c42b87dc2d2457ba17e7ff5a05.jpeg	ZJL86
d99a6de1998ad80c78499141a21b3bce.jpeg	ZJL157
581411ae16805b8a9848d880ff47adec.jpeg	ZJL147
5b129f403ed8d9ae8f81eb1e98174956.jpeg	ZJL162
aef7d83c50a0cf5edd1685e6e2b9832f.jpeg	ZJL182
969629b4874b273d797e74585a016922.jpeg	ZJL21
106a3cf87e3d2ec3af87db6b9f1aeba4.jpeg	ZJL64
745831f2698b52ec9cf2edc1cec276ef.jpeg	ZJL4
24eeaab091b5bdd528adece3d97df8f8.jpeg	ZJL193
2e9afed28cd985349be6519abd01a9c8.jpeg	ZJL116
d786feaffd71a5ef76da4dbaa41be1c7.jpeg	ZJL118
ce4b528ce13229307570790e4d37fd9a.jpeg	ZJL171
77be7f643f9db8f44eaba6c2c60625ce.jpeg	ZJL106
6cdee4180649712fdcbb77ac87e8b156.jpeg	ZJL110
f488fffaa8bce7c041d4f550311c632f.jpeg	ZJL189
337b6b4cc932d58b4fdda450b02d3a89.jpeg	ZJL39
81bebc0b253c71f4cbc3bb4fbc76554a.jpeg	ZJL181
c389b985dd383d2a531045548283c74e.jpeg	ZJL145
8db1db7ef51a478cefc39a821e3adb3a.jpeg	ZJL113
747243aeb39a2daaa4feb876a850d2d0.jpeg	ZJL6
e3a0690f9dfacede9b08189046c16460.jpeg	ZJL173
7262b7b7242cb52386bfddf9519fcf1e.jpeg	ZJL138
c4323ed9db0e3d55e516a6c21f068f8a.jpeg	ZJL54
3281bed7bc12187e19524ccf983ce3cd.jpeg	ZJL191
3e3b0091fbc135b2c1561349d67526a3.jpeg	ZJL23
c0c6befbaf866c79bbfb40bd8b6b93c3.jpeg	ZJL96
abf98de9d91116cc37ab7f4073492d6a.jpeg	ZJL24
bd540159b37b583ec0ef82e4a8dc64fa.jpeg	ZJL73
0b00c63271b737f3e58c7bac7528d725.jpeg	ZJL54
31bd6bf532f1c5fade531129dce83c62.jpeg	ZJL73
299417462c31456687debb99240b8986.jpeg	ZJL62
cd3f6da72cb7e20a3f3ff9661db35b99.jpeg	ZJL158
f08a21453beee2875206a2f573e95dce.jpeg	ZJL49
e7ccec6fc9ad9160a9c8bd4dcdb605a4.jpeg	ZJL11
76e54159da7fad33ffdd87a96b684e7d.jpeg	ZJL131
a1680ee951bda0f6bf336105269c37d7.jpeg	ZJL19
4f2976ec3c56cb152bd07eb49177cdfa.jpeg	ZJL137
c03dc62e503ecad92e252276f9118745.jpeg	ZJL132
775abe35e76e5a157b00f0bce869ab99.jpeg	ZJL125
f0e977e5e4257a20ad247d0c8bd40143.jpeg	ZJL2
bbc93b3d8586e4a51c6277ec93a85db0.jpeg	ZJL59
38f0f8602b5e66db8c526520f2a4615d.jpeg	ZJL11
ac077d5f58ce3035866dcc6839bf77be.jpeg	ZJL5
0bd7a7c97599fe11959494c4bcd7006f.jpeg	ZJL175
20b93a31552ad4efe6069ead0fb2c462.jpeg	ZJL140
812782e406885cfb6d47547c633af738.jpeg	ZJL159
4211546aee82fd2f57dacea38c4175d5.jpeg	ZJL111
eeccc0d2b9668397a8e8b1b5f5e3686c.jpeg	ZJL149
09452d07018e9cf49e6d420bce9651ca.jpeg	ZJL99
3c73b2481647b08654e31aa12b2f99ef.jpeg	ZJL145
5a92fc5f22b967df3eec6ab1ad1e6160.jpeg	ZJL186
71840e0ed4468ec533bad136740f8384.jpeg	ZJL161
ff3842f79be0817bd1e3db02b7eac5ca.jpeg	ZJL110
c3c681289bae8af2670d8be35c1e97f5.jpeg	ZJL164
c37056d6b8e2c79ffa1f979c870c240e.jpeg	ZJL60
1e504cced4de1eaf2c4e00bf2bbb53fc.jpeg	ZJL160
e06c1f2cd933eed677dd464af7a1572b.jpeg	ZJL127
77114a14de9a2a7891968bfcf18f8895.jpeg	ZJL169
cbfe4b6b614a0001b3ecca46b75d402c.jpeg	ZJL92
e0c692dc967990194de3a60da6518323.jpeg	ZJL156
21e82bc49c5a0951b11b04ebe8b6907c.jpeg	ZJL73
f8ce167cd6ec0bd5190c50c46ed00497.jpeg	ZJL62
762e959e2794537c12dd5dbf2fe76263.jpeg	ZJL127
2b136488249222059e33bfacde7f5d13.jpeg	ZJL107
91fe20e1f8cd724231ffdfa851fe7805.jpeg	ZJL175
73af32ddc320df8abecf777683d74f29.jpeg	ZJL116
5ba5aa05ac05fb3084fddb140f94dbe1.jpeg	ZJL82
909a63b783f89492ab139c69eafed17f.jpeg	ZJL49
74441b1e2ed021c50c5e1d062fc4e3bd.jpeg	ZJL98
87c4006f8b6ebfbd448f51dd05bc0d6e.jpeg	ZJL35
8f34d565b8c8d5a3e276857cd601e789.jpeg	ZJL104
edd264885606774dc85c7e742ee77825.jpeg	ZJL111
ef7920cc240cf70de9492a72655265c5.jpeg	ZJL14
257fead16e19adf1c84a23751c8b4418.jpeg	ZJL128
1dda362b7e4ec01d477775d424b1c063.jpeg	ZJL41
1287a92b005ea01bf11ba99337e76635.jpeg	ZJL116
98891d12168b3c9c8fb803e065708e37.jpeg	ZJL100
474a5426d3724d2123d3f11538a8122b.jpeg	ZJL130
ba278dc3a730c8ba9e491b54909de6bb.jpeg	ZJL96
8110f08b2d9fbac5e3e93fede1299c27.jpeg	ZJL79
6e5171f4fbbf3344f8136b13b7597a3b.jpeg	ZJL66
3e78e410d70e9274bab8008f98b07821.jpeg	ZJL40
57b53fa4ab1322c514457e62e6cbbf25.jpeg	ZJL115
2171d4f43d8635bd0748a4826cf174a0.jpeg	ZJL116
d0b1a13597342fbe0bc0caf6987ffd6f.jpeg	ZJL198
0901a40c39822dba03a75597fbf20845.jpeg	ZJL197
fd5dd76a9d6c0a31f7438398e4124125.jpeg	ZJL197
c87b616c2dc9a201a54c72adea089c18.jpeg	ZJL115
343511ce7cd68f842a8591a8a761e885.jpeg	ZJL104
2457d6736d24350d53dda4d57a7d4be3.jpeg	ZJL177
54f9fff7a47851c8bf7dca794e0bd0c5.jpeg	ZJL168
e2fee5ff207f4fef7db9c3c335d51efc.jpeg	ZJL171
a79835a7f8a568c079fee9e277d05ad7.jpeg	ZJL141
b65ca5f7334a1850acd5b08d6832276f.jpeg	ZJL123
e2bba9a41a9c8ca007b54d26e23506d7.jpeg	ZJL118
9614fa9193bd0452c853d5faedd935d8.jpeg	ZJL109
b7daea769ef2893d09906ec7535dd9a0.jpeg	ZJL139
cdefc7d832af54b387423899ba70eca3.jpeg	ZJL183
128ad39298b0b88133b161f5c0a6334d.jpeg	ZJL70
70cdd720d3d54df39745949d0daef35f.jpeg	ZJL42
10e60679f48d0b0bc43167d2d5f78936.jpeg	ZJL107
319c6db0515ccf1d11ef325248c13ec8.jpeg	ZJL176
21b8d1ac13fac0da135db22d3ef21a09.jpeg	ZJL137
c34d3b9b10c4325f7f990de6ae1e4e02.jpeg	ZJL153
55d95da7d9743d8f47a70a598d26a646.jpeg	ZJL133
40cc1196d98aa5a8a64ef80a64cb6f3b.jpeg	ZJL81
2419418480d0bcab7a13350cd4353995.jpeg	ZJL100
0b86ebb61ced400ccfb30f65fa5e8183.jpeg	ZJL139
83114666a8067d4dbfdd22b28d38484d.jpeg	ZJL56
56dd1e0ad77e8f41894efe64a6c4a30a.jpeg	ZJL108
d5fcc312c694f4994d4b515389b8070d.jpeg	ZJL156
e1c2ad1d2c5469f61b76342ad650c53c.jpeg	ZJL94
46eeb42a04d1af18f541d6b4e1804ddd.jpeg	ZJL147
3981d3f91245b3180362718b8e60ca49.jpeg	ZJL43
4c701de7a8bc89cd01168165df8e31e4.jpeg	ZJL22
037480a981c542118c60c370a4bcfd93.jpeg	ZJL65
dc1a0777a46bb024dc598e08d3e704be.jpeg	ZJL184
70b1dcfd0d25a1f9754c15f6c5352386.jpeg	ZJL142
30f7d68d506afea0c4fd9f557ae17a4a.jpeg	ZJL157
f1fd8dafeba1f5882bed8f099d9bcc18.jpeg	ZJL135
d7d4b72572e349d838918b16b3966edd.jpeg	ZJL98
bc6eb9d5cf0f065865b1f5562edf1497.jpeg	ZJL29
cdffd12e6a7a3991cf916922fabc48ba.jpeg	ZJL64
f1a01b36994f111be94645543becf926.jpeg	ZJL83
ed807f63a2298059a4d97e3be9e6ca38.jpeg	ZJL19
90d6dde6624e3c499d9803a5c2b78187.jpeg	ZJL161
e424fb5a125ab64ffe5bcfdcf1a4f554.jpeg	ZJL97
d45c0707303434f22fca74a62bbb4f13.jpeg	ZJL115
5b8e3471b5218e9bb220aff4a83e207d.jpeg	ZJL108
e001093aad8d2d02d24405802ffc65fc.jpeg	ZJL41
c65dfc9216ab132e7cc812d51738f698.jpeg	ZJL193
3931a2aa2c915a07f31de4a4ce7921d9.jpeg	ZJL108
f1e9ed1514ca809f98f545cf5fe1c5d6.jpeg	ZJL69
fc2e574b3799d82f4504378105cc4cfc.jpeg	ZJL180
7cc10b527b918bc687ed086cc506b750.jpeg	ZJL86
f2cc75719fd3303014a445886c234df6.jpeg	ZJL189
1d0f633e24c68942fda4ca297a64ffab.jpeg	ZJL184
6128d50c7a81c1781d19a24a47d34b5c.jpeg	ZJL174
2c3f482c3d190176fd341dd2e182d046.jpeg	ZJL135
26346377608dc8e8699831697e81c931.jpeg	ZJL191
c7cfb47aa00548abdd6f32ec7345fa8a.jpeg	ZJL49
d4ec8476d463988d6474a85dbcea2117.jpeg	ZJL32
6f7502a1b43de24c0c91d3757b67fd7a.jpeg	ZJL182
79d8e7850d9510aea3a91efff7820374.jpeg	ZJL187
bc7feed686ae44fcae7936b7be547653.jpeg	ZJL156
6b0cf5d833bb9abd9beb14b7a1a6940b.jpeg	ZJL137
0ae12590ba52b0fb1631faaac0f42d7f.jpeg	ZJL181
8a39cc7f6410f00b976fa51598547f3c.jpeg	ZJL113
49cfef77556b53a3f1d3fede28f6f06f.jpeg	ZJL138
ac4b6d9d1ba36522b8f2e586c083c024.jpeg	ZJL158
5b232567bb72e7823cfe096ee9601e6a.jpeg	ZJL84
beb83c1ff73b033552b6a15df080e963.jpeg	ZJL101
c83d4dc9aa9d3bf83705953296491539.jpeg	ZJL32
6e76ae93bbab9711152cb2c6a0327f76.jpeg	ZJL22
58198b6024c6ad3f2c6cb71bb11ab0e8.jpeg	ZJL11
b84d3391f1ae50242acfe45a4d092fb2.jpeg	ZJL120
8d34978a0eac7564eaf8c8e3f5042c40.jpeg	ZJL73
bc595eb4fd673b50345a3ea048b8fc6c.jpeg	ZJL36
02c8e7d34b8080d3501d4a8130019214.jpeg	ZJL79
d6db7bc39313f6cedbe4cc68b83ba7e0.jpeg	ZJL195
5d53407f9e726ae8edff49f79a20f664.jpeg	ZJL157
b4075665baa5bcb90e5871ede285c0e0.jpeg	ZJL167
7a842d9b1f29cf643d7f023a8c6a579f.jpeg	ZJL174
a41c323803fc2436467cd890ce03d2f2.jpeg	ZJL80
737d7aef2abe4a137ba640dcaa9427bb.jpeg	ZJL90
cfff658289a9e2d1a9e547ae1816f29d.jpeg	ZJL43
03cb4fd61f9e78a3e75f3de1443b2fc6.jpeg	ZJL154
84e690ff38c1c0ba0e0c0401c512ca9c.jpeg	ZJL98
af35bb3f6ab31152fc9946c95f2f10c0.jpeg	ZJL159
e8db1c9c63cfc9e1390394274ea1af91.jpeg	ZJL154
5898a81f3bd39aeec3c1e5e9859af443.jpeg	ZJL105
e856f1e5db3f07135a0e670dd339bc2a.jpeg	ZJL16
4fb4364e8986f1099c32fbc52740120e.jpeg	ZJL125
45f798f1b76038b5ca1320c70f56be36.jpeg	ZJL80
5638021b38fb87b79de1726044da2877.jpeg	ZJL49
371ea015fcfbd500929ebe626776c4f9.jpeg	ZJL62
1dc71f376f8ce978397d6adb4135c427.jpeg	ZJL62
986ca8c5519165a34072ec3c20e2009a.jpeg	ZJL173
7801fc5d7193952ac4975430a377cc67.jpeg	ZJL144
e5697f8b4b6b48087027419fc3948f2f.jpeg	ZJL106
770df68d368e60b408d8db1860d9657e.jpeg	ZJL57
ed0891ad882ca757f698aae186610a91.jpeg	ZJL16
8d5f07b7aa4ec40831d44bda73a84831.jpeg	ZJL6
f87f8a214f64e468570ba4fbdb9254d4.jpeg	ZJL115
cbc1cc6caed677fc8d2bca17968b7163.jpeg	ZJL64
41fc381575c73875863888ba05b83701.jpeg	ZJL96
2626d0df4364d3c2eab6d2b457631b6d.jpeg	ZJL105
0029705d1cbe5c41a6ad4a2d4cab2259.jpeg	ZJL52
1e46d4bfb92626c566ef4beada44aa40.jpeg	ZJL105
11d32e0d6463a12644fe99c470524a5b.jpeg	ZJL18
854019a9506d64354ea764418e4af34d.jpeg	ZJL87
a8274bc95a05f7cb3fdb3c9f4197a33c.jpeg	ZJL42
3de1f4402281481722181fcb4c38b19d.jpeg	ZJL23
aa652652860b8213eda40e4016b099de.jpeg	ZJL23
db942bb3db116ff810368f21cb12a10c.jpeg	ZJL56
1fdeb6f4a545ef806845fe7b95eeb2ef.jpeg	ZJL110
9f0472ce4e688d1f1a1d4586b5d5ad74.jpeg	ZJL110
6609e784b4b98dd655b02125d4b5a1b1.jpeg	ZJL123
682b100ceef7a5b10a96a961f2d222a0.jpeg	ZJL174
73314d0f196102c1cae56e31d9a764b0.jpeg	ZJL29
fb9f33935894cd3c40ccd8bf7c1c6a34.jpeg	ZJL62
641f3b8df1ae8ab1c231e1d7d3e35c58.jpeg	ZJL48
e129f95566c3fcd731003e68461d9901.jpeg	ZJL118
15c74eb00409eb257d2ef8cf07346509.jpeg	ZJL137
6425442cfe15c892b8a55e8319a03261.jpeg	ZJL68
92967a20137194887174cdf35efa7879.jpeg	ZJL18
496c6cb88fe43534467caa842c114b19.jpeg	ZJL67
1b35d9894114239b0b08ec859354defb.jpeg	ZJL165
8e3a07977795cca488c95f5c198b7be3.jpeg	ZJL105
16588b6ba68867a38f2fe77175ea4d5c.jpeg	ZJL172
60084194a9b5e37effc6277807501139.jpeg	ZJL37
ff62c95bbc665e82c44918947d566ff0.jpeg	ZJL16
9670fb862a6793e70f097d6aec69956a.jpeg	ZJL186
84d3dfcdd2173dc6e26e85655e5e53fb.jpeg	ZJL170
46e3aa07f82c55a6405ecd660cedac19.jpeg	ZJL196
617077c02497bce4b9558e292b00abe9.jpeg	ZJL52
6d7edd2aae2824a09deb96a765c93e43.jpeg	ZJL196
5d4cd5dfc8fdb05665843d145012b5da.jpeg	ZJL162
be1741258157179d91d6a9c0d4961e50.jpeg	ZJL166
7330ca40c7a5918337cf96f271b07158.jpeg	ZJL158
cbc975c324f6347d8f7fa72a32a5687a.jpeg	ZJL185
37eac589055670d6e235f6d579ab377e.jpeg	ZJL197
6dbdba4f54e94193a6d1d363657f3656.jpeg	ZJL54
d9270c96681d7f0e4201950d38fc004f.jpeg	ZJL51
3f1ce0d209052220669c5cb0318340ef.jpeg	ZJL175
886aa7007c5fc40dab0cf4a7df8f98e6.jpeg	ZJL75
82412e43d3a33fa501d9aa8ed76d8956.jpeg	ZJL88
907d0e578ba66e5876f644d1ea3bd927.jpeg	ZJL198
218e1cce73364fe3a64f1043a807b1b2.jpeg	ZJL62
4f7647cf3a6da743574cd4718b3d0628.jpeg	ZJL117
f539897617fa37cccf809d6fbae3c481.jpeg	ZJL200
0156b6d4fed5b4cedbfc9c2fbe4829ea.jpeg	ZJL31
7c861e536e45eb3e553fa43b5deb5b0c.jpeg	ZJL196
2523094f0819f362bf61f7777975f3cd.jpeg	ZJL165
8d6fba78a739c6705d82dea8ddfc93ef.jpeg	ZJL133
cd9e560d25a84be9030c989cba797101.jpeg	ZJL66
23ef0c5d7ab6a5fdecc649e20f84b752.jpeg	ZJL181
ded9e92dbffe677af4d625c5fbc4aacd.jpeg	ZJL45
93e481a0109cfa04b5fca3521797a46c.jpeg	ZJL22
0e688f9c4807ee7f21ea8dc15136cbc6.jpeg	ZJL92
129c260944de84ff4ac3e8fc6e543d25.jpeg	ZJL56
994fab34156787a5966b5744a0a10d96.jpeg	ZJL169
5b83ad3843bd2c5d161f253a103e87ee.jpeg	ZJL108
0a2245444c523849970abc640b9cdff7.jpeg	ZJL71
1383f8108deafe9145c8409034a654a5.jpeg	ZJL92
218300db798a348305189034c9de69de.jpeg	ZJL109
5fecc3b18b332ead5cc83f289b38c0a1.jpeg	ZJL2
23c1db435e88c54181c2cdb4ab304dad.jpeg	ZJL36
7d540bbd5fea5719a8d5984546afd6b9.jpeg	ZJL159
abb6030f912f0f2a7542a710d0b30267.jpeg	ZJL26
53b77fd7379645f10eee708a64668353.jpeg	ZJL84
d60791facd73e47655028c61a9f16dbc.jpeg	ZJL145
b8a36c8456047aa07597ae4fdf8cd90f.jpeg	ZJL47
68e0fee54173d3bd239215ec7ed284ee.jpeg	ZJL41
12596143e12c4e9c3425651335ac394f.jpeg	ZJL108
ffe2ffb1611625a24014aa4f2861e2e6.jpeg	ZJL91
01a08f528692db8c4ed64f6a27512de3.jpeg	ZJL5
336e73ef2440d95fbfe181c0986635cf.jpeg	ZJL193
2751d67faba92d50c40287fbb6cece69.jpeg	ZJL151
613ed9b767cb82b38294e99972758fd3.jpeg	ZJL25
59d85571b1e34de65ee11bcb9758ec9a.jpeg	ZJL50
b0bae4ba8575600d8b1e6504dffa7984.jpeg	ZJL131
18c997374b7df697c77b0df57a1025e7.jpeg	ZJL69
16d33033b376127861990f01349ff2e6.jpeg	ZJL65
4885f6cf93de1c1b6a4518826e72bf2a.jpeg	ZJL87
c346bb47df5745dbe445aac08c1dfe46.jpeg	ZJL70
51d0b0d328d148c8e211e7e7a0b21287.jpeg	ZJL100
fd086fb86e0ac261bbbc697e3f0b9948.jpeg	ZJL76
032507a76d60e127a060ae5e16b127c1.jpeg	ZJL127
40f186edb4c995a4172cfe0be3c9433c.jpeg	ZJL153
423731cfd78c09b5a7c67229d09d6aaf.jpeg	ZJL59
f2088c4b584fe150a577809be05ef0cc.jpeg	ZJL141
8bf0d00c8fa9cfb22cef3c32810383df.jpeg	ZJL138
27fadf73c16dd73e340214d2c021f89c.jpeg	ZJL141
a6766cc23b626bc7e432ca37dd82b974.jpeg	ZJL94
3a0c6f1ba4eaf50834febec3247fed85.jpeg	ZJL193
ae7f5f73b69de88d4ab4a891c7638668.jpeg	ZJL109
0150b04b7e9bb3847bc538ca1bc10e08.jpeg	ZJL131
0330dba316af9301deb618bfded72513.jpeg	ZJL137
1d144a3e29dfb27006f7284afa11e15c.jpeg	ZJL84
c0b1411d0641144c1f35ecdcceef13a3.jpeg	ZJL7
87ab9b5ec9b19e07696f58dfe0bbc2b4.jpeg	ZJL96
4ad371485fa61ab5eb124555bbe2598e.jpeg	ZJL185
e4983a34969bf2316e86b7947e600d06.jpeg	ZJL59
ff2dec12a93957a675428743f9441c9e.jpeg	ZJL21
dc42b14e1c4ca762b1e612490971edbc.jpeg	ZJL53
3603fb61dd458106e2581f4b4d068ea0.jpeg	ZJL146
1671e404663c343bb3977b5797a81cd5.jpeg	ZJL162
7facdfdb039a7c1cef00cd1b0413a7cc.jpeg	ZJL48
c8b53b14c3f527a2b457b94ba0a843e7.jpeg	ZJL147
8c93b8744ad2fbf592f01ac1ec1dd68b.jpeg	ZJL161
a8185424831f628a0c13a9c8c7bf6763.jpeg	ZJL4
322cade65b4fa63cb360846addaa9c34.jpeg	ZJL47
6b19eeb40cc5a2f2e0aa5b6d04de1eb6.jpeg	ZJL57
f8a3fd56c848c500e6646b2f4f224d54.jpeg	ZJL164
cf003409d47b7118bd1c88a5f53e3197.jpeg	ZJL120
95ced1408ec62c810c0ac82df6ad29cc.jpeg	ZJL64
6fe924d244f74ffc0505643708c4c402.jpeg	ZJL43
ab8b40cbbf31f6743f4ac7777e165fba.jpeg	ZJL185
a954a976a784cef29e365c29be9de1e6.jpeg	ZJL118
dc107e415e1f6a81ec2d2c3b0d9ff4c0.jpeg	ZJL99
d7d3c99e2b6842e32b0749152e39f4c5.jpeg	ZJL130
3e97626c5ad724a5c882f00a13480bf4.jpeg	ZJL160
d904c34acc4d4ac055f60486dcc587d8.jpeg	ZJL173
376433f94dca4eacc8c5f58fc57e6d49.jpeg	ZJL43
846524cf91d444e9cfb5e38940c1ab4b.jpeg	ZJL197
6776348dd7c4468443e95a34fef5139d.jpeg	ZJL119
6aefac62bf08e6310e995a90d33014f9.jpeg	ZJL88
611b5343572d762796a9347ca878286a.jpeg	ZJL22
03591d1c2a2a74878667a44bd1cc66b0.jpeg	ZJL88
e591256cb33176ccddedd12ca6d699bb.jpeg	ZJL121
3651da9d17de3b339cb8c6ad8e8020a0.jpeg	ZJL107
c1312a9b5ba6f49b82e16d22f8b5825a.jpeg	ZJL106
c8d3aa64f106d349fc9e49094f7175dd.jpeg	ZJL23
351d506835b5d60392d6415f5505862c.jpeg	ZJL195
1e70034230d4615807b4a36480467caa.jpeg	ZJL81
84e304b5679fa1926048aaab6170bf91.jpeg	ZJL156
6162cdc5712492a2c9bc4fe789acae71.jpeg	ZJL183
01ded50e18c2bccb08810e08e7cba7e3.jpeg	ZJL189
53a5130d406e90cf085fb19e096adcdf.jpeg	ZJL199
0cbdb5c5fe6235b3b5c2be7e58f1cae7.jpeg	ZJL147
942297c76b8b5596f03173ed9726b03c.jpeg	ZJL106
374fccb9157fbf4729d31b223d5442cf.jpeg	ZJL82
5f406d0c2c06d6eb974887639490e1b0.jpeg	ZJL4
3fce061029e0de7f098c2bfb6166a8c9.jpeg	ZJL36
17a9f1e3cfcb9945898ccf7e37e3aacf.jpeg	ZJL182
2978e4e9213e5c168418dfee6041882e.jpeg	ZJL196
d27a941ff1951a6d5d2745daa76e6da0.jpeg	ZJL165
a052c00557b52f24b16d2f1493f7aab6.jpeg	ZJL197
267772f7fcfadee23a6e707a439c3393.jpeg	ZJL21
ac91bb5bce4fadfe06f2841808682c83.jpeg	ZJL18
510e77ab44bba656b1258860a79c8337.jpeg	ZJL114
b584240739799af28612bed68c64ed81.jpeg	ZJL8
0f5bee52f113f824d435c045e9557c7b.jpeg	ZJL79
49863addb4def073028a5c2083da37ca.jpeg	ZJL133
44cd1a515c75562d9d3c769f583ed7db.jpeg	ZJL39
d1991472caf8c80ac8220ed4e2a6f735.jpeg	ZJL126
51af73eb810733f887b28119272ee051.jpeg	ZJL159
b8a42799a05790c379fc4586fa9839c3.jpeg	ZJL60
2bb4b6de28839b171215190ba975db0a.jpeg	ZJL1
aa717353ab8f3a4fbd04f58b06e1b24d.jpeg	ZJL55
ec180ed68fb0b491167a7ce9e82f1be4.jpeg	ZJL98
16e8d4147bb3acd3c2a626eb7cd5c590.jpeg	ZJL89
c1a6ae52e33edde88f5c99c842ab017a.jpeg	ZJL14
d477f3b7daeb671bf5f27991bf5518fe.jpeg	ZJL14
5a5ebc47607d945c968ba283eadca783.jpeg	ZJL82
f6355a786cc68803f01cd4622a304f62.jpeg	ZJL26
86fa723dc435d07a65a84fa6da9ff422.jpeg	ZJL175
d464e1d7a127285552c687f12fa063d5.jpeg	ZJL35
a4dfe620a79d80f69b9393a2706fd493.jpeg	ZJL125
6b6d77529044b5347a86cd985a016439.jpeg	ZJL37
48dcf82b3947c2258a1a5d3f93e8e6fd.jpeg	ZJL2
34bea2f4acfbf204edabf6dced8410ce.jpeg	ZJL24
198d624b712ca95bc2d8a2f09819b448.jpeg	ZJL30
0708f5b91bc6ffc659e0ff76c00c13b3.jpeg	ZJL191
6d2513fcf4191310eb43d713be74a91f.jpeg	ZJL12
96a3e721bbac9e077ce333c517d27916.jpeg	ZJL13
c3d228e4318949ebd24cb7c229f518ae.jpeg	ZJL101
9b16b7dd4c0e9fc0d557cc95df374064.jpeg	ZJL54
22bafa8bbe40cb9e24175b4342d6811f.jpeg	ZJL81
30282183d62037fd4e1995f6034e14e2.jpeg	ZJL161
67175256168377ee76d52d602b772726.jpeg	ZJL85
d122225598cb7060bde31e8db51b6f20.jpeg	ZJL160
77772ab9a2659d9afd6caea9fb04525b.jpeg	ZJL186
74fe2b9ee599a5c92f94d25e5d0be566.jpeg	ZJL37
23ee67111bb88e638f742ca350131ab1.jpeg	ZJL2
ec3cb38a00e0698ca8189f80284491a1.jpeg	ZJL192
a21e22a8592535ffcbcbefdb9a2798e9.jpeg	ZJL141
e39bbcd62428afb35281bb973e092532.jpeg	ZJL162
366ffc5466ca61c9b97fa246466da194.jpeg	ZJL6
db1e3e4a983d7e8020ca42f60c9326ee.jpeg	ZJL165
77562b4f9944d9b99d0e6b9c0526c862.jpeg	ZJL184
96506bce9fd74505207a651a9753c492.jpeg	ZJL180
34b79e117eebdf5b934e88db5a85f46a.jpeg	ZJL59
87a15cf729bba89d252998fee3922f27.jpeg	ZJL52
6cad38b62fcf9841ad6ed365e9c8959b.jpeg	ZJL82
376afbac6649691e5b91effbdd9065d9.jpeg	ZJL183
